{"type": "FeatureCollection", "features": [{"type": "Feature", "properties": {"title": "A'beng", "fill": "#803333", "family": "Sino-Tibetan", "cldf:languageReference": "aben1248", "fill-opacity": 0.5}, "geometry": {"type": "MultiPolygon", "coordinates": [[[[90.53851267, 25.80216124], [90.51637862, 25.80363685], [90.48981776, 25.80658805], [90.46768371, 25.80068564], [90.44112285, 25.78740521], [90.42194, 25.77855159], [90.39833035, 25.77707598], [90.3791475, 25.78150279], [90.35553785, 25.784454], [90.34668423, 25.7829784], [90.32455018, 25.77264917], [90.29651371, 25.75346633], [90.26995285, 25.74903952], [90.25224561, 25.75199073], [90.24044078, 25.75494193], [90.22716035, 25.75789314], [90.22863596, 25.7387103], [90.21387992, 25.72100305], [90.19912389, 25.70919823], [90.17994104, 25.67525935], [90.17698984, 25.64427168], [90.17403863, 25.61771082], [90.1592826, 25.59410116], [90.14600217, 25.55721108], [90.13862415, 25.53360142], [90.1194413, 25.51736978], [90.08550243, 25.50113815], [90.06189277, 25.4819553], [90.03828312, 25.45539444], [90.02795389, 25.4376872], [90.02057588, 25.41407755], [90.01910027, 25.38899229], [90.02057588, 25.38456548], [90.02205148, 25.37423625], [90.02647829, 25.36685824], [90.03680751, 25.35800462], [90.05303915, 25.34767539], [90.06041717, 25.34324858], [90.07664881, 25.33734617], [90.10911208, 25.33144376], [90.13714855, 25.32406574], [90.1607582, 25.3093097], [90.17846544, 25.29160246], [90.19322147, 25.26946841], [90.19912389, 25.24438315], [90.20797751, 25.2192979], [90.21978234, 25.20159066], [90.23601397, 25.18093221], [90.25667242, 25.16174936], [90.27437966, 25.14551773], [90.29356251, 25.1337129], [90.31717216, 25.12190807], [90.33930621, 25.11010324], [90.36291587, 25.09829842], [90.38800112, 25.08649359], [90.43226923, 25.07763997], [90.4632569, 25.07173756], [90.48981776, 25.06731075], [90.51342741, 25.06731075], [90.54146388, 25.07173756], [90.57540276, 25.07911557], [90.5945856, 25.08649359], [90.61081724, 25.09387161], [90.64180491, 25.10862764], [90.67426818, 25.12190807], [90.69787784, 25.12781049], [90.73624353, 25.13961531], [90.78936525, 25.15437135], [90.82330413, 25.16322497], [90.84101137, 25.16322497], [90.87642585, 25.15584695], [90.91921835, 25.15879816], [90.95020602, 25.15879816], [90.96643766, 25.16174936], [90.97676688, 25.16617617], [90.9826693, 25.17207859], [90.9826693, 25.18093221], [90.97529128, 25.19716385], [90.96201085, 25.2207735], [90.93692559, 25.25176117], [90.91036473, 25.263566], [90.88970628, 25.2650416], [90.87642585, 25.26799281], [90.87052344, 25.27389522], [90.86314542, 25.29160246], [90.86019421, 25.31521212], [90.84617598, 25.31963893], [90.81666391, 25.32111453], [90.78420064, 25.32849255], [90.75173736, 25.34619979], [90.7237009, 25.36390703], [90.70009124, 25.37866306], [90.67500599, 25.3948947], [90.64549392, 25.41555315], [90.61155504, 25.42440677], [90.58499418, 25.43030918], [90.5525309, 25.4362116], [90.52744565, 25.44358961], [90.49645797, 25.45244323], [90.47284832, 25.46719927], [90.45956789, 25.47605289], [90.44628746, 25.47752849], [90.43890944, 25.47015048], [90.42562901, 25.46129686], [90.40792177, 25.46129686], [90.40054375, 25.46867487], [90.39611694, 25.47752849], [90.39021453, 25.48933332], [90.38431212, 25.50999177], [90.38431212, 25.52917461], [90.39169013, 25.54983306], [90.40054375, 25.57049151], [90.42415341, 25.60443039], [90.44038504, 25.62361323], [90.45956789, 25.64427168], [90.48465315, 25.66345452], [90.49645797, 25.67525935], [90.51121401, 25.70034461], [90.51859203, 25.72100305], [90.52597004, 25.74313711], [90.53629927, 25.77707598], [90.54072608, 25.79921003], [90.53851267, 25.80216124]]]]}}, {"type": "Feature", "properties": {"title": "A'chick", "fill": "#803333", "family": "Sino-Tibetan", "cldf:languageReference": "achi1255", "fill-opacity": 0.5}, "geometry": {"type": "Polygon", "coordinates": [[[90.98930951, 25.96023526], [91.01439477, 25.94252802], [91.04095563, 25.93219879], [91.09112615, 25.90416233], [91.13834546, 25.87612586], [91.18556476, 25.8510406], [91.22393045, 25.83185776], [91.25639373, 25.81415052], [91.27705218, 25.81267492], [91.29918623, 25.81857733], [91.3331251, 25.83333336], [91.37739321, 25.85251621], [91.42903933, 25.87465026], [91.47920984, 25.90563793], [91.5042951, 25.92186957], [91.52421575, 25.93515], [91.52716695, 25.92334517], [91.52864256, 25.90563793], [91.52569135, 25.88940629], [91.51978894, 25.86136983], [91.50798411, 25.84071138], [91.49027687, 25.83185776], [91.44600877, 25.83185776], [91.40764308, 25.83038216], [91.37960661, 25.82300414], [91.36189937, 25.80972371], [91.34419213, 25.78906526], [91.31615567, 25.75660199], [91.29254601, 25.73004113], [91.26303394, 25.71676069], [91.2453267, 25.71676069], [91.21433903, 25.73299233], [91.2025342, 25.75069957], [91.199583, 25.7625044], [91.20400981, 25.78611405], [91.21286343, 25.8038213], [91.20843662, 25.82743095], [91.18630257, 25.83185776], [91.16711972, 25.82743095], [91.14646127, 25.82300414], [91.12432722, 25.82300414], [91.11990041, 25.82743095], [91.10957119, 25.83776017], [91.09924197, 25.8480894], [91.08743714, 25.85989422], [91.05940067, 25.86727224], [91.04612024, 25.86284543], [91.03136421, 25.84366259], [91.01365697, 25.80087009], [90.97824249, 25.7610288], [90.97529128, 25.74184595], [90.97381568, 25.72708992], [90.96201085, 25.70495587], [90.942828, 25.67987061], [90.92512076, 25.65478535], [90.91626714, 25.63246685], [90.90888913, 25.6118084], [90.91036473, 25.58819875], [90.91626714, 25.5690159], [90.91921835, 25.53655263], [90.92069395, 25.50556496], [90.91479154, 25.47015048], [90.90888913, 25.44949203], [90.88675507, 25.40817513], [90.86757223, 25.36685824], [90.86019421, 25.33587057], [90.86019421, 25.31521212], [90.84617598, 25.31963893], [90.81666391, 25.32111453], [90.78420064, 25.32849255], [90.75173736, 25.34619979], [90.7237009, 25.36390703], [90.70009124, 25.37866306], [90.67500599, 25.3948947], [90.64549392, 25.41555315], [90.61155504, 25.42440677], [90.58499418, 25.43030918], [90.5525309, 25.4362116], [90.52744565, 25.44358961], [90.49645797, 25.45244323], [90.47284832, 25.46719927], [90.45956789, 25.47605289], [90.44628746, 25.47752849], [90.43890944, 25.47015048], [90.42562901, 25.46129686], [90.40792177, 25.46129686], [90.40054375, 25.46867487], [90.39611694, 25.47752849], [90.39021453, 25.48933332], [90.38431212, 25.50999177], [90.38431212, 25.52917461], [90.39169013, 25.54983306], [90.40054375, 25.57049151], [90.42415341, 25.60443039], [90.44038504, 25.62361323], [90.45956789, 25.64427168], [90.48465315, 25.66345452], [90.49645797, 25.67525935], [90.51121401, 25.70034461], [90.51859203, 25.72100305], [90.52597004, 25.74313711], [90.53629927, 25.77707598], [90.54072608, 25.79921003], [90.53851267, 25.80216124], [90.56507353, 25.79330762], [90.58868319, 25.7859296], [90.62409767, 25.78002719], [90.66393896, 25.78002719], [90.70673146, 25.79035641], [90.74362154, 25.80953926], [90.77460922, 25.83019771], [90.8100237, 25.85675857], [90.83510896, 25.86561219], [90.86904783, 25.870039], [90.8956087, 25.88627064], [90.92807197, 25.90692908], [90.94873042, 25.92316072], [90.96496206, 25.94381917], [90.97381568, 25.95414839], [90.97529128, 25.96152641], [90.98930951, 25.96023526]]]}}, {"type": "Feature", "properties": {"title": "Avankari Hindko", "fill": "#CC5151", "family": "Indo-European", "cldf:languageReference": "avan1234", "fill-opacity": 0.5}, "geometry": {"type": "Polygon", "coordinates": [[[71.855912, 33.13702], [72.092075, 33.160031], [72.309016, 33.146225], [72.49575, 33.169233], [72.525957, 32.938881], [72.531449, 32.582963], [72.262333, 32.476374], [72.119536, 32.464781], [71.957517, 32.529684], [71.754307, 32.707927], [71.630733, 32.860424], [71.641717, 33.024182], [71.757053, 33.02879], [71.855912, 33.13702]]]}}, {"type": "Feature", "properties": {"title": "Badhani", "fill": "#CC5151", "family": "Indo-European", "cldf:languageReference": "badh1238", "fill-opacity": 0.5}, "geometry": {"type": "Polygon", "coordinates": [[[79.79626, 30.371427], [79.720743, 30.287215], [79.675432, 30.204118], [79.63836, 30.11263], [79.627376, 30.017488], [79.566962, 29.949643], [79.524397, 29.986547], [79.483206, 29.959168], [79.446134, 29.948452], [79.411808, 29.965121], [79.410435, 30.051987], [79.378855, 30.072206], [79.374736, 30.097176], [79.362378, 30.116196], [79.366498, 30.13759], [79.407689, 30.166107], [79.262146, 30.267041], [79.288234, 30.278908], [79.35414, 30.261106], [79.400824, 30.271788], [79.436523, 30.271788], [79.472222, 30.297894], [79.503802, 30.283655], [79.554604, 30.308571], [79.566962, 30.342969], [79.675432, 30.342969], [79.752323, 30.371427], [79.79626, 30.371427]]]}}, {"type": "Feature", "properties": {"title": "Baghati", "fill": "#CC5151", "family": "Indo-European", "cldf:languageReference": "bagh1249", "fill-opacity": 0.5}, "geometry": {"type": "Polygon", "coordinates": [[[76.860966, 30.900215], [76.86028, 30.84832], [76.884995, 30.828262], [76.893233, 30.796397], [76.911082, 30.781641], [76.915202, 30.758026], [76.929619, 30.74976], [76.936484, 30.71905], [76.926872, 30.692466], [76.939916, 30.684194], [76.979735, 30.713143], [77.016807, 30.746808], [77.068296, 30.765111], [77.113647, 30.804161], [77.157584, 30.838974], [77.216625, 30.846643], [77.253697, 30.868466], [77.265368, 30.874953], [77.243399, 30.906203], [77.187104, 30.930959], [77.182299, 30.945693], [77.127377, 30.964548], [77.136302, 31.036987], [77.1109, 31.055824], [77.044308, 31.034043], [77.042935, 31.010491], [77.016847, 31.00578], [77.001057, 31.02639], [76.966731, 31.033455], [76.942703, 31.022268], [76.944762, 30.963369], [76.948881, 30.921529], [76.915928, 30.892053], [76.860966, 30.900215]]]}}, {"type": "Feature", "properties": {"title": "Bahawalpuri", "fill": "#CC5151", "family": "Indo-European", "cldf:languageReference": "baha1254", "fill-opacity": 0.5}, "geometry": {"type": "Polygon", "coordinates": [[[71.248727, 29.412804], [71.311887, 29.415198], [71.399762, 29.443922], [71.561781, 29.403227], [71.704578, 29.403227], [71.910534, 29.47503], [71.998409, 29.525263], [72.121983, 29.515697], [72.21535, 29.568299], [72.308717, 29.57547], [72.385607, 29.666258], [72.418658, 29.811984], [72.627361, 29.900176], [72.825079, 29.88588], [73.110672, 29.242842], [72.555963, 29.110863], [72.20721, 28.93543], [72.08089, 28.745242], [71.9683, 28.571604], [71.833742, 28.35899], [71.70193, 28.184716], [71.52618, 28.109594], [71.353177, 28.0611], [71.106029, 28.078075], [70.738065, 28.078321], [70.521125, 28.109839], [70.304184, 28.146195], [70.216309, 28.21887], [70.142165, 28.354398], [70.087243, 28.518735], [70.232786, 28.564608], [70.298692, 28.615285], [70.408535, 28.62011], [70.457965, 28.663526], [70.457965, 28.714156], [70.416773, 28.750305], [70.518379, 28.76958], [70.600761, 28.83942], [70.619978, 28.926073], [70.683138, 28.93329], [70.749044, 29.065496], [70.880856, 29.09672], [70.963239, 29.192734], [71.092305, 29.247902], [71.125258, 29.315023], [71.185672, 29.341379], [71.248727, 29.412804]]]}}, {"type": "Feature", "properties": {"title": "Rathi (Panjabi)", "fill": "#CC5151", "family": "Indo-European", "cldf:languageReference": "bath1239", "fill-opacity": 0.5}, "geometry": {"type": "Polygon", "coordinates": [[[76.343488, 30.006078], [76.244629, 30.122628], [76.156754, 30.129759], [76.115563, 30.058423], [76.09634, 29.972753], [76.074372, 29.922744], [76.024942, 29.856026], [75.791525, 29.770181], [75.717381, 29.739164], [75.571838, 29.751095], [75.429042, 29.729618], [75.170909, 29.6962], [74.964953, 29.612607], [74.671122, 29.629331], [74.624438, 29.605439], [74.66563, 29.481107], [75.022621, 29.509813], [75.129718, 29.528945], [75.239562, 29.591101], [75.294483, 29.591101], [75.51417, 29.543292], [75.615775, 29.548074], [75.761318, 29.610218], [75.873908, 29.655607], [76.024942, 29.732004], [76.178723, 29.820267], [76.255613, 29.896539], [76.343488, 30.006078]]]}}, {"type": "Feature", "properties": {"title": "Bhattiyani", "fill": "#CC5151", "family": "Indo-European", "cldf:languageReference": "bhat1264", "fill-opacity": 0.5}, "geometry": {"type": "Polygon", "coordinates": [[[74.489702, 30.958546], [74.176648, 30.687131], [74.11898, 30.592546], [74.017375, 30.528648], [73.926754, 30.476553], [73.888309, 30.431539], [73.86634, 30.331961], [73.825149, 30.220408], [73.761989, 30.137254], [73.465411, 29.913581], [73.396759, 29.806325], [73.308885, 29.675078], [73.193549, 29.402492], [73.026038, 29.193974], [73.330853, 28.862349], [73.468158, 28.741933], [73.528571, 28.713012], [73.616446, 28.734703], [73.682352, 28.804566], [73.816911, 29.069139], [73.896547, 29.153179], [73.973437, 29.201171], [74.107996, 29.263527], [74.272761, 29.289897], [74.410065, 29.301881], [74.530893, 29.321053], [74.613275, 29.333033], [74.63799, 29.366571], [74.594053, 29.412069], [74.657213, 29.49822], [74.618768, 29.589078], [74.643482, 29.698954], [74.627006, 29.72521], [74.555608, 29.734757], [74.536385, 29.765776], [74.572084, 29.856392], [74.544623, 29.882608], [74.495194, 29.942163], [74.459495, 30.115861], [74.37162, 30.25365], [74.190378, 30.31061], [74.028359, 30.331961], [74.135456, 30.516811], [74.261776, 30.620931], [74.374366, 30.717851], [74.475971, 30.819394], [74.492448, 30.89725], [74.489702, 30.958546]]]}}, {"type": "Feature", "properties": {"title": "Brijia", "fill": "#338080", "family": "Austroasiatic", "cldf:languageReference": "brij1240", "fill-opacity": 0.5}, "geometry": {"type": "MultiPolygon", "coordinates": [[[[84.34260292, 23.55083392], [84.34702973, 23.54862051], [84.34702973, 23.54640711], [84.36473697, 23.53755349], [84.40900508, 23.5419803], [84.43777934, 23.54640711], [84.45105977, 23.56854116], [84.45105977, 23.59731543], [84.4200721, 23.63272991], [84.39572464, 23.63937012], [84.36473697, 23.62387629], [84.34260292, 23.60395564], [84.33817611, 23.57296797], [84.34260292, 23.55083392]]]]}}, {"type": "Feature", "properties": {"title": "Central Siraiki", "fill": "#CC5151", "family": "Indo-European", "cldf:languageReference": "cent2408", "fill-opacity": 0.5}, "geometry": {"type": "Polygon", "coordinates": [[[71.240616, 29.415999], [71.309268, 29.396845], [71.405381, 29.435149], [71.559162, 29.39445], [71.734912, 29.399239], [71.954598, 29.480616], [71.990298, 29.518888], [72.116618, 29.50693], [72.201746, 29.571489], [72.31159, 29.569099], [72.366511, 29.636008], [72.404957, 29.721968], [72.421433, 29.803085], [72.597183, 29.888902], [72.836092, 29.881753], [72.877283, 29.931782], [72.948682, 29.953216], [72.987127, 30.022248], [73.075002, 30.036524], [73.088732, 30.074585], [72.90749, 30.181552], [72.869045, 30.240927], [72.811377, 30.257546], [72.78117, 30.307386], [72.770247, 30.372626], [72.718072, 30.417667], [72.71258, 30.502951], [72.654912, 30.547932], [72.638435, 30.607085], [72.632943, 30.715834], [72.501131, 30.670931], [72.391288, 30.711108], [72.303413, 30.744183], [72.185331, 30.715834], [72.177093, 30.675658], [71.993105, 30.626007], [71.869531, 30.52426], [71.781657, 30.486374], [71.75145, 30.405816], [71.680051, 30.329936], [71.605907, 30.320447], [71.537255, 30.147109], [71.487825, 30.092433], [71.432904, 29.94013], [71.345029, 29.840055], [71.388966, 29.687366], [71.235185, 29.544009], [71.240616, 29.415999]]]}}, {"type": "Feature", "properties": {"title": "Chakroma", "fill": "#803333", "family": "Sino-Tibetan", "cldf:languageReference": "chak1268", "fill-opacity": 0.5}, "geometry": {"type": "MultiPolygon", "coordinates": [[[[94.49138935, 25.83233059], [94.46679596, 25.80183478], [94.45203993, 25.76937151], [94.43138148, 25.7359245], [94.4126905, 25.69067266], [94.40186941, 25.64738829], [94.40383688, 25.62771358], [94.40482062, 25.62082743], [94.4126905, 25.61197381], [94.42547907, 25.61000634], [94.44613752, 25.6090226], [94.48745441, 25.60803887], [94.5258201, 25.6090226], [94.58779544, 25.61394128], [94.61829125, 25.61689249], [94.63698222, 25.6198437], [94.64977079, 25.62377864], [94.65720345, 25.62823277], [94.66572916, 25.62757695], [94.67359905, 25.62823277], [94.68212476, 25.6288886], [94.68999464, 25.6288886], [94.69852035, 25.62823277], [94.70966935, 25.62823277], [94.71622759, 25.62560948], [94.72147418, 25.62167454], [94.7247533, 25.61708377], [94.72540912, 25.601344], [94.72540912, 25.58953917], [94.72540912, 25.58035764], [94.72344165, 25.56920864], [94.72016253, 25.55871546], [94.71885089, 25.55215722], [94.71426012, 25.54494316], [94.70835771, 25.53838492], [94.69917617, 25.53117086], [94.68868299, 25.52592427], [94.67950146, 25.52461262], [94.67031993, 25.52461262], [94.65130104, 25.5239568], [94.64080786, 25.5239568], [94.62441227, 25.52461262], [94.61588656, 25.52461262], [94.60080261, 25.52198933], [94.5837512, 25.51805439], [94.56538813, 25.51805439], [94.54899254, 25.51608692], [94.54177848, 25.51608692], [94.52603871, 25.51608692], [94.52013629, 25.51477527], [94.50833147, 25.51411944], [94.49652664, 25.51411944], [94.48668928, 25.51411944], [94.47947522, 25.5128078], [94.46307963, 25.51215197], [94.44996315, 25.51215197], [94.43684668, 25.51215197], [94.42176273, 25.51084033], [94.40012055, 25.50821703], [94.38110166, 25.50624956], [94.36470607, 25.50493791], [94.34962212, 25.50428209], [94.33029704, 25.49930466], [94.3297288, 25.50050427], [94.32054727, 25.50247174], [94.30284003, 25.50312757], [94.28513279, 25.50312757], [94.27201631, 25.49919262], [94.2634906, 25.49329021], [94.25102995, 25.48673197], [94.23660183, 25.48345285], [94.22414118, 25.48345285], [94.21233635, 25.48673197], [94.20053153, 25.49394603], [94.19134999, 25.49984845], [94.18413593, 25.50640668], [94.17626605, 25.51165327], [94.16708452, 25.51558822], [94.1611821, 25.51624404], [94.15396804, 25.51362075], [94.14019574, 25.51165327], [94.14579648, 25.51245338], [94.15200057, 25.52214645], [94.15790298, 25.53591875], [94.16478913, 25.54969105], [94.17167528, 25.56936576], [94.17364275, 25.57723565], [94.18249637, 25.587073], [94.19036626, 25.59887783], [94.19134999, 25.60871519], [94.1943012, 25.62740616], [94.19626867, 25.64609714], [94.20020361, 25.65691823], [94.21200844, 25.67954415], [94.21397591, 25.69134898], [94.21397591, 25.70315381], [94.2080735, 25.71495863], [94.20708976, 25.72184478], [94.20610603, 25.73364961], [94.2080735, 25.73856829], [94.21299218, 25.74151949], [94.21397591, 25.74250323], [94.224797, 25.74840564], [94.23758557, 25.76021047], [94.25332534, 25.77398277], [94.27103258, 25.78382012], [94.27496752, 25.78382012], [94.28480488, 25.78480386], [94.2936585, 25.7857876], [94.30349585, 25.79169001], [94.3074308, 25.79562495], [94.31136574, 25.80349484], [94.31234947, 25.80742978], [94.31923562, 25.82612076], [94.32808924, 25.84481173], [94.33202419, 25.85563282], [94.33355891, 25.86330643], [94.35956878, 25.86381013], [94.38711338, 25.86479386], [94.42547907, 25.8657776], [94.46482849, 25.8687288], [94.51937763940286, 25.872534558808066], [94.51106407, 25.85594024], [94.49138935, 25.83233059]]], [[[94.54942975, 25.87463122], [94.51937763940286, 25.872534558808066], [94.51937764, 25.87253456], [94.54942975, 25.87463122]]]]}}, {"type": "Feature", "properties": {"title": "Chibhali", "fill": "#CC5151", "family": "Indo-European", "cldf:languageReference": "chib1247", "fill-opacity": 0.5}, "geometry": {"type": "MultiPolygon", "coordinates": [[[[73.67117329917055, 33.654855242063455], [73.67128501064302, 33.654836698003365], [73.79688550820313, 33.627537083840835], [73.79748743848648, 33.627444213239144], [73.79809619472326, 33.627425216953135], [73.87425468332965, 33.62969144951825], [73.87437362542275, 33.62968930943488], [73.87449182177362, 33.62967584005673], [73.98672302177474, 33.611425024783294], [73.98720563234029, 33.61137044269472], [74.09396576172485, 33.604525106568154], [74.0941554952018, 33.60450564799403], [74.25539734756953, 33.58172245758887], [74.25585188535239, 33.58167928611319], [74.25630846616441, 33.58167775822673], [74.25676328269928, 33.58171788667013], [74.34087519785506, 33.59302911086756], [74.3415337662654, 33.59316325121295], [74.59922044995879, 33.66397987082821], [74.59933721504153, 33.664005760985766], [74.59938258293231, 33.663895098710064], [74.66794727643213, 33.4694916413536], [74.6679856329717, 33.469360281859075], [74.66800934442011, 33.46922550683098], [74.67346977329075, 33.42362515910295], [74.67347838996835, 33.42349856777325], [74.67344831148642, 33.42337530019108], [74.62408481892429, 33.2582857253897], [74.62401699097961, 33.25808909986603], [74.56094430989306, 33.09729171056017], [74.56088853178382, 33.097169382311975], [74.5608198926172, 33.0970537792731], [74.42366013644103, 32.89211829932131], [74.42358804405019, 32.89202137491469], [74.42346748719446, 32.89202897083136], [74.2809311627052, 32.908151598307974], [74.28079706510503, 32.90817426277152], [74.28067110432065, 32.90822554361643], [74.19298568048012, 32.94965896443157], [74.1928562328798, 32.94972479779249], [74.0835421604787, 33.009377615678474], [74.08306521134736, 33.00960602912916], [74.08256680559393, 33.00978279135165], [73.9431353119099, 33.05107362868868], [73.94302860645602, 33.051110596098965], [73.9429421077506, 33.05118319511614], [73.83051446911304, 33.154635715260106], [73.83044039941664, 33.154709866990395], [73.83037980710253, 33.15479538523665], [73.72340447473239, 33.32011381611225], [73.72326872625693, 33.320312911800976], [73.67397912350515, 33.388987690815604], [73.67391610374085, 33.389084912639596], [73.67394792959804, 33.38919631590972], [73.70406021040701, 33.47836383647785], [73.70419700681644, 33.47869043906523], [73.72523481996589, 33.52035203238889], [73.72542987005721, 33.52078911646572], [73.72558223409006, 33.52124284791695], [73.72569051587948, 33.52170906898299], [73.72575372318737, 33.52218350745589], [73.72577127681474, 33.52266181582767], [73.72574301590925, 33.52313961112857], [73.72566919943918, 33.52361251509037], [73.72555050382037, 33.52407619426654], [73.72538801671789, 33.5245263997417], [73.67121156728324, 33.65474866398517], [73.67117329917055, 33.654855242063455]]], [[[73.45148186537145, 34.12939417377833], [73.45148065475593, 34.12951237115046], [73.456959685937, 34.27237621368337], [73.45695750582485, 34.27280969172345], [73.44599085245514, 34.499257505285655], [73.4459931882897, 34.49954036224981], [73.45421438575862, 34.62602385455426], [73.45422716296191, 34.62613760749629], [73.45432650230705, 34.6261944817722], [73.5557140240127, 34.67808218160166], [73.55582779284413, 34.6781332977446], [73.55595034819805, 34.67811013760034], [73.64584308551335, 34.65634725098864], [73.64633714749247, 34.6562536555828], [73.64683811189492, 34.65621015837965], [73.64734091181968, 34.65621719932266], [73.64784046180068, 34.65627470719767], [73.64833170924278, 34.65638210035314], [73.64880968552512, 34.656538292583186], [73.64926955625528, 34.65674170411372], [73.64970667016568, 34.656990277580825], [73.65011660615791, 34.657281498839474], [73.65049521801899, 34.65761242239236], [73.65083867635742, 34.65797970118153], [73.65114350733474, 34.65837962044148], [73.70954942398524, 34.74357255895036], [73.70961132879593, 34.743655286929496], [73.70967986835575, 34.74373260738509], [73.81386228605224, 34.851885600113725], [73.81396396755079, 34.8519800129606], [73.81407552246277, 34.85206252607757], [73.92369827059787, 34.92405721900996], [73.92390415292432, 34.92419994023401], [74.04998184835372, 35.01635955268478], [74.05025470865154, 35.016573921178136], [74.14221190383083, 35.09412694808066], [74.14254988312915, 35.09443972704351], [74.14285765257331, 35.09478227434673], [74.14313260153133, 35.09515168435767], [74.14337239776864, 35.09554482358273], [74.14357500723104, 35.09595835724696], [74.14373871129847, 35.096388777581055], [74.14386212136306, 35.096832433575784], [74.16817637554054, 35.20294843709005], [74.16820629853603, 35.20305461062754], [74.16826780848666, 35.20296304244714], [74.26430865703142, 35.04348185396491], [74.31368972046398, 34.96026852325492], [74.31374223592731, 34.96017022843519], [74.31376670329622, 34.96006150081511], [74.32984242374518, 34.869906331509206], [74.32995776839641, 34.869408322827496], [74.33012335923699, 34.86892469413816], [74.33033746539861, 34.868460500657825], [74.33059784889777, 34.86802059445306], [74.33090178802871, 34.86760957372327], [74.33124610581251, 34.86723173473721], [74.33162720320509, 34.86689102692544], [74.33204109671678, 34.86659101159815], [74.44820361654554, 34.79113485605857], [74.44829394665354, 34.791069763327314], [74.44819552630021, 34.791017705416316], [74.05364252977841, 34.60614744219409], [74.05314634136997, 34.60587985369315], [74.05268342906685, 34.60555811040708], [74.0522596775314, 34.60518630242073], [73.98377526042124, 34.53789606309041], [73.98345070818327, 34.537545138338224], [73.98316114897071, 34.53716482557314], [73.9829092291502, 34.53675860058512], [73.98269725109088, 34.536330175983544], [73.98252715212247, 34.53588346726658], [73.98240048682936, 34.53542255703629], [73.98231841284283, 34.534951657686534], [73.98228168026112, 34.53447507290467], [73.9822906247941, 34.53399715833888], [73.98234516469505, 34.53352228179064], [73.98244480150778, 34.53305478329608], [73.98258862462225, 34.53259893546115], [74.01946452360053, 34.4326457398978], [74.01966528704253, 34.432176754764406], [74.01991279374437, 34.43173066794826], [74.0202044671314, 34.43131212326692], [74.02053727084854, 34.43092547782099], [74.02090774036891, 34.430574756636204], [74.09945870493053, 34.36346870193708], [74.099546774136, 34.36338565495503], [74.0995853139246, 34.36327090448268], [74.15681492911146, 34.160395947781666], [74.15696840629823, 34.15993785215622], [74.15716537855884, 34.15949670730761], [74.15740400690633, 34.15907663188499], [74.15768206344106, 34.1586815478276], [74.15799695215104, 34.15831514374842], [74.158345733149, 34.15798084049632], [74.21205221891321, 34.11126709133492], [74.21213454420875, 34.11118830068802], [74.21206830613866, 34.11109557561915], [74.16553772124269, 34.052107065510796], [74.16545492391158, 34.05201254054305], [74.16532931270696, 34.05200904871314], [74.06946283915796, 34.054280208288546], [74.06934591699077, 34.05428850336214], [74.06923262213445, 34.05431856790881], [73.91851933595278, 34.102019744585355], [73.91809566198158, 34.102133650131016], [73.80736185285, 34.126751217056416], [73.80690558261787, 34.126830678539974], [73.80644391732872, 34.126867581288714], [73.80598081800886, 34.126861608681985], [73.80552025798845, 34.126812811963966], [73.8050661888108, 34.126721609803944], [73.80462250632864, 34.12658878470425], [73.80419301727825, 34.12641547628646], [73.67677398090265, 34.067998548354886], [73.6766538283163, 34.067950902250224], [73.67652468336053, 34.067956229132704], [73.53122325982297, 34.08159155919101], [73.53111358162062, 34.081606820632906], [73.53101618025947, 34.081659500748145], [73.4515801471434, 34.129328502036316], [73.45148186537145, 34.12939417377833]]]]}}, {"type": "Feature", "properties": {"title": "Dessaulya", "fill": "#CC5151", "family": "Indo-European", "cldf:languageReference": "dess1238", "fill-opacity": 0.5}, "geometry": {"type": "Polygon", "coordinates": [[[79.286877, 30.280073], [79.358276, 30.261085], [79.396721, 30.272953], [79.442031, 30.267019], [79.473611, 30.293126], [79.503818, 30.283633], [79.553248, 30.302618], [79.569724, 30.341762], [79.678195, 30.344133], [79.757831, 30.371406], [79.800396, 30.372591], [79.877286, 30.424742], [79.954176, 30.474497], [80.025575, 30.513572], [80.073631, 30.539613], [80.088735, 30.675624], [79.794903, 30.785476], [79.631511, 30.608234], [79.499699, 30.487523], [79.370633, 30.386817], [79.334934, 30.331088], [79.286877, 30.280073]]]}}, {"type": "Feature", "properties": {"title": "Doabi", "fill": "#CC5151", "family": "Indo-European", "cldf:languageReference": "doab1238", "fill-opacity": 0.5}, "geometry": {"type": "Polygon", "coordinates": [[[75.64333, 32.094432], [75.566439, 32.033876], [75.514263, 31.933638], [75.527994, 31.795924], [75.503279, 31.704779], [75.440119, 31.606524], [75.319291, 31.536278], [75.20121, 31.46129], [75.173749, 31.362778], [75.124319, 31.273558], [75.044683, 31.224217], [74.995253, 31.167795], [75.096858, 31.139571], [75.220432, 31.076037], [75.363229, 31.010105], [75.426389, 30.962983], [75.555455, 30.953556], [75.637837, 30.977122], [75.676283, 30.984191], [75.747681, 31.000683], [75.879493, 30.981835], [75.942653, 31.014816], [76.016797, 30.995971], [76.121148, 30.96534], [76.192547, 30.974766], [76.445187, 30.97241], [76.513839, 31.00775], [76.568761, 31.064267], [76.593475, 31.156036], [76.620936, 31.219516], [76.692334, 31.214815], [76.739018, 31.165443], [76.818654, 31.170146], [76.901037, 31.181903], [76.955959, 31.257114], [76.936736, 31.320526], [76.868084, 31.416738], [76.826893, 31.491761], [76.769225, 31.550331], [76.686842, 31.578432], [76.640159, 31.550331], [76.637413, 31.482386], [76.629174, 31.440189], [76.55503, 31.468323], [76.453425, 31.498791], [76.406741, 31.501135], [76.329851, 31.571407], [76.272183, 31.597161], [76.30239, 31.700103], [76.277675, 31.756205], [76.220008, 31.793588], [76.165086, 31.812273], [76.137625, 31.854302], [76.052496, 31.849633], [75.978352, 31.900979], [75.868509, 31.977943], [75.766903, 32.043195], [75.64333, 32.094432]]]}}, {"type": "Feature", "properties": {"title": "Gahore", "fill": "#CC5151", "family": "Indo-European", "cldf:languageReference": "gaho1238", "fill-opacity": 0.5}, "geometry": {"type": "Polygon", "coordinates": [[[80.905864, 25.481215], [80.735607, 25.322328], [80.807005, 25.290028], [80.850942, 25.222917], [80.801513, 25.058711], [81.087106, 25.155769], [81.337, 25.227889], [81.078867, 25.359586], [80.905864, 25.481215]]]}}, {"type": "Feature", "properties": {"title": "Ghebi", "fill": "#CC5151", "family": "Indo-European", "cldf:languageReference": "gheb1234", "fill-opacity": 0.5}, "geometry": {"type": "Polygon", "coordinates": [[[71.872375, 33.146123], [72.193667, 33.81775], [72.501228, 33.717224], [72.586357, 33.639464], [72.580865, 33.504361], [72.558896, 33.401174], [72.517705, 33.286379], [72.468275, 33.166831], [72.309002, 33.141521], [72.078331, 33.155327], [71.872375, 33.146123]]]}}, {"type": "Feature", "properties": {"title": "Inner Siraji", "fill": "#CC5151", "family": "Indo-European", "cldf:languageReference": "inne1243", "fill-opacity": 0.5}, "geometry": {"type": "Polygon", "coordinates": [[[77.237889, 31.743193], [77.27702, 31.747868], [77.318898, 31.747283], [77.396475, 31.743193], [77.410892, 31.74962], [77.482977, 31.746115], [77.528287, 31.749036], [77.587328, 31.74553], [77.631265, 31.747868], [77.675889, 31.746115], [77.684128, 31.687668], [77.424623, 31.540804], [77.369701, 31.526749], [77.342926, 31.528506], [77.334002, 31.546074], [77.331942, 31.595247], [77.333315, 31.612802], [77.32439, 31.650827], [77.333315, 31.66077], [77.284572, 31.704621], [77.270155, 31.71748], [77.24956, 31.725078], [77.237889, 31.743193]]]}}, {"type": "Feature", "properties": {"title": "Karmali", "fill": "#338080", "family": "Austroasiatic", "cldf:languageReference": "karm1240", "fill-opacity": 0.5}, "geometry": {"type": "MultiPolygon", "coordinates": [[[[86.09943102995044, 24.00896041778953], [86.09945263438975, 24.009078341172557], [86.1082507735606, 24.046470437617334], [86.10828246836162, 24.04658146507197], [86.10837542527449, 24.04664995352614], [86.1413772562367, 24.068651177480934], [86.14148026603748, 24.068712815470704], [86.14160018086476, 24.06870727515698], [86.18783611161665, 24.064303853654287], [86.18795843532446, 24.06428601316684], [86.18807006367346, 24.064232904936254], [86.21662383723594, 24.048857793804906], [86.21672863096703, 24.048794374850758], [86.21674348715423, 24.048672789557415], [86.21893890369532, 24.017936888551002], [86.21894145033987, 24.017813533740597], [86.21884547082182, 24.017736004218747], [86.1946942389313, 24.000171468327675], [86.19459836629818, 24.00010832187675], [86.19448612471497, 24.000084220776262], [86.17174856638854, 23.996294625819512], [86.1712774570413, 23.996192550704308], [86.17081836649933, 23.996045583971778], [86.1703755617952, 23.995855091609187], [86.16995315859224, 23.99562284415425], [86.1695550829313, 23.995351000238802], [86.16918503474008, 23.995042086525313], [86.16884645344403, 23.994698974222747], [86.16854248599849, 23.994324852400013], [86.16827595763912, 23.993923198345062], [86.16804934562282, 23.993497745245097], [86.168035393794, 23.993468201168096], [86.16791931878473, 23.993438999767815], [86.14602862570752, 23.989060863130383], [86.14590623315728, 23.989042715077723], [86.14579020465192, 23.98908568802405], [86.09953873030462, 24.00890775556612], [86.09943102995044, 24.00896041778953]]], [[[85.70544460553, 23.90492976646005], [85.70544473041609, 23.905055688211945], [85.70764547869038, 23.946870004851792], [85.70765622802891, 23.94698017858817], [85.70770484236408, 23.947079629314004], [85.72086992914942, 23.971215616797227], [85.72093614145861, 23.971323369554487], [85.72105708826645, 23.971360337057767], [85.75619768345746, 23.980145483374855], [85.75634741753824, 23.980173308423037], [85.75649942949984, 23.98018263], [85.79383898968322, 23.98018263], [85.79397256273066, 23.98017540320899], [85.79409687008184, 23.98012598997207], [85.8226384172661, 23.96695297048374], [85.82274358187462, 23.96689810567577], [85.82278029765752, 23.966785315191768], [85.82935943542734, 23.942661796825053], [85.82938373216065, 23.942554094091136], [85.82938863, 23.942443793495606], [85.82938863, 23.916123416650944], [85.82938206337053, 23.915996768671967], [85.82929314151252, 23.915906348904457], [85.80292901182443, 23.891739234986677], [85.8028236311017, 23.891652786350786], [85.80270194363426, 23.89159138094723], [85.78125193056383, 23.882206997200488], [85.78079877951525, 23.88198074211225], [85.78037084346828, 23.881709803046252], [85.77997251368417, 23.881396960240874], [85.77960787761984, 23.881045423929283], [85.77928067698441, 23.880658801397658], [85.7789942693438, 23.880241059969045], [85.778751593667, 23.879796486292737], [85.7785551401679, 23.879329642356847], [85.77840692475205, 23.87884531867553], [85.77830846833037, 23.87834848513116], [85.7782607812124, 23.877844239975943], [85.778264352739, 23.877337757516248], [85.778319146261, 23.87683423501652], [85.77842459951523, 23.87633883936762], [85.77847298989325, 23.87615723325169], [85.77836002842204, 23.876136551125356], [85.74540739867801, 23.87174286782116], [85.74528122209753, 23.87173264467971], [85.74517991448946, 23.87180855127125], [85.70553705554775, 23.90484427203111], [85.70544460553, 23.90492976646005]]], [[[85.35662492580559, 23.710495335128588], [85.35663097860301, 23.71061143635098], [85.35882122017559, 23.73251391144908], [85.3588375569197, 23.732625658352863], [85.3588834164196, 23.732728862839203], [85.3720563292749, 23.759074688549784], [85.37211773636892, 23.759183370819322], [85.37222415768454, 23.759248617815476], [85.3963524990269, 23.772409528572222], [85.39646169414064, 23.772462299989137], [85.39658286792921, 23.772457269256307], [85.42068424830418, 23.77026623017725], [85.4208048181217, 23.770249201068612], [85.4208865074591, 23.77015890199006], [85.44064901713537, 23.746004722394538], [85.44072249819556, 23.7459050997436], [85.44073895767289, 23.745782408160903], [85.44293154579759, 23.719471400194127], [85.44293558089063, 23.719349490027863], [85.44284251614663, 23.71927064001779], [85.40541006697445, 23.69064583472266], [85.40531589910515, 23.690580786107233], [85.40523708332091, 23.69071476784968], [85.40516555575444, 23.690851136791498], [85.40490294084573, 23.691252778755594], [85.40460303203598, 23.6916273953108], [85.4042685918795, 23.691971535746287], [85.4039027010097, 23.692282030076335], [85.40350872976236, 23.69255601824008], [85.40309030713048, 23.69279097644643], [85.3997295597461, 23.69447135393452], [85.39930584728243, 23.694659193481062], [85.3988665618694, 23.694806991562928], [85.39841547812748, 23.69491347820472], [85.39795647205591, 23.69497773840529], [85.39749348772766, 23.69499922], [85.37445477067908, 23.69499922], [85.37432881214364, 23.695005693028858], [85.37422975615365, 23.69508376583827], [85.35670867918454, 23.710414703238825], [85.35662492580559, 23.710495335128588]]], [[[84.99058321255164, 24.142105541025494], [84.99064450711879, 24.14220790570348], [85.00379124389214, 24.16192801581319], [85.00385986869227, 24.16202097635027], [85.00396987735652, 24.16198563348074], [85.05687192174418, 24.142147361856054], [85.05697621319233, 24.14210269092742], [85.05704990540282, 24.14201642589333], [85.0801451424591, 24.11232254399961], [85.08021386979468, 24.112224663296317], [85.08019365970341, 24.112106783565498], [85.07360673463201, 24.082465595944804], [85.07357475980383, 24.08234917018974], [85.07346956527617, 24.08228991263808], [85.04048632193114, 24.065798290965567], [85.04037998214558, 24.06575136171095], [85.04029393975937, 24.065829510368555], [85.03373867035937, 24.072384789640637], [85.02399845310626, 24.082124997114736], [85.02353262514, 24.082536221667418], [84.99399842592412, 24.1055072786806], [84.99390351781823, 24.105589224750684], [84.99388579039865, 24.105713355510208], [84.99058824416004, 24.141986334338853], [84.99058321255164, 24.142105541025494]]], [[[84.9903064997253, 23.84440161211164], [84.99038738248578, 23.84449085248577], [85.00681986142125, 23.860923331421247], [85.00690358442887, 23.860999691143], [85.00701490600834, 23.861020853729464], [85.03001788906283, 23.864306996993736], [85.03013903619787, 23.864318150593306], [85.03021370603099, 23.864222101401968], [85.05331181685855, 23.831224805898927], [85.0533761247545, 23.831122536997004], [85.05334871165806, 23.8310048809054], [85.04677449012821, 23.80799512535213], [85.04673803433823, 23.807886926218885], [85.0466331157975, 23.807841890934352], [85.02029317668335, 23.79796441624575], [85.02018294933207, 23.797928974025265], [85.02009726803082, 23.798006851715282], [85.01832591518053, 23.79977819923036], [85.01796234792675, 23.800107716446607], [85.01756823306847, 23.800400011199045], [85.01714736613268, 23.80065226854022], [85.0167038002825, 23.800862059103338], [85.01624180728318, 23.80102736249834], [85.01576583636282, 23.801146586769267], [85.01528047136398, 23.801218583725618], [85.01479038659903, 23.80124266], [85.00702282876001, 23.80124266], [85.0069038444808, 23.8012484555291], [85.00682322035706, 23.801336151580905], [84.99038002782892, 23.821067984595725], [84.99030664386052, 23.82116550179966], [84.99030059, 23.821287395862797], [84.99030059, 23.844281316889404], [84.9903064997253, 23.84440161211164]]]]}}, {"type": "Feature", "properties": {"title": "Kishtwari", "fill": "#CC5151", "family": "Indo-European", "cldf:languageReference": "kish1245", "fill-opacity": 0.5}, "geometry": {"type": "Polygon", "coordinates": [[[75.892106, 33.635671], [75.931237, 33.635099], [75.954579, 33.62423], [75.955952, 33.601914], [75.941535, 33.57444], [75.931237, 33.560128], [75.93673, 33.546386], [75.96625, 33.542377], [75.981354, 33.533214], [75.975861, 33.517176], [75.961444, 33.499989], [75.96831, 33.476495], [75.98204, 33.436369], [75.982727, 33.390487], [76.06305, 33.353191], [76.065109, 33.341138], [76.052752, 33.320471], [76.038335, 33.260741], [76.02735, 33.217641], [75.973802, 33.210168], [75.953893, 33.201545], [75.906523, 33.17912], [75.879062, 33.17337], [75.829632, 33.173945], [75.809723, 33.165318], [75.752742, 33.213042], [75.733519, 33.217641], [75.647018, 33.290037], [75.60308, 33.286017], [75.545412, 33.308414], [75.449299, 33.402534], [75.502848, 33.412284], [75.58729, 33.436369], [75.704685, 33.49426], [75.732833, 33.516603], [75.784322, 33.550967], [75.859839, 33.611642], [75.892106, 33.635671]]]}}, {"type": "Feature", "properties": {"title": "Kiunthali", "fill": "#CC5151", "family": "Indo-European", "cldf:languageReference": "kiun1241", "fill-opacity": 0.5}, "geometry": {"type": "Polygon", "coordinates": [[[76.860268, 30.901671], [76.810839, 31.207745], [76.834181, 31.226548], [76.895968, 31.226548], [76.90146, 31.246522], [76.902833, 31.260619], [76.950889, 31.293504], [76.961874, 31.319334], [76.924802, 31.329899], [76.909698, 31.362759], [76.935786, 31.376839], [76.975604, 31.366279], [76.987961, 31.334594], [77.110162, 31.261794], [77.155473, 31.266492], [77.182934, 31.242998], [77.221379, 31.264143], [77.240601, 31.257095], [77.269435, 31.268842], [77.292777, 31.266492], [77.306507, 31.279412], [77.354564, 31.271191], [77.318865, 31.145433], [77.327103, 31.116026], [77.549536, 31.19364], [77.594846, 31.220673], [77.631919, 31.305246], [77.656633, 31.387397], [77.65938, 31.449549], [77.692333, 31.475336], [77.722539, 31.508146], [77.717047, 31.536259], [77.68684, 31.569047], [77.67311, 31.605335], [77.685467, 31.640438], [77.678602, 31.688392], [77.818653, 31.735152], [77.913392, 31.689561], [77.938107, 31.687223], [78.017744, 31.711775], [78.0658, 31.578413], [78.049324, 31.550312], [77.997148, 31.567876], [77.955957, 31.562022], [77.93948, 31.52806], [77.932615, 31.456583], [77.940853, 31.420237], [77.961449, 31.390916], [78.05207, 31.366279], [78.24155, 31.248872], [78.174271, 31.215972], [78.079531, 31.188938], [78.005386, 31.181885], [77.942226, 31.158369], [77.865336, 31.030107], [77.887305, 30.964143], [77.868082, 30.92525], [77.829637, 30.927608], [77.793938, 30.950002], [77.707436, 30.946466], [77.656633, 30.991241], [77.625053, 30.998308], [77.561893, 30.998308], [77.513837, 31.01362], [77.509718, 30.988885], [77.478138, 30.973569], [77.414978, 31.019508], [77.246094, 30.898134], [77.189799, 30.922892], [77.155473, 30.960608], [77.130758, 30.958251], [77.130758, 31.044236], [77.099178, 31.054831], [77.037391, 31.031284], [77.033272, 31.008909], [77.005811, 31.017153], [76.963247, 31.033639], [76.935786, 31.011264], [76.945397, 30.919356], [76.913817, 30.893417], [76.860268, 30.901671]]]}}, {"type": "Feature", "properties": {"title": "Kullui", "fill": "#CC5151", "family": "Indo-European", "cldf:languageReference": "kllu1238", "fill-opacity": 0.5}, "geometry": {"type": "Polygon", "coordinates": [[[77.203563, 31.821457], [77.215233, 31.841888], [77.248186, 31.846557], [77.290751, 31.863482], [77.311346, 31.863482], [77.37176, 31.905487], [77.394416, 31.913069], [77.443159, 31.919485], [77.493961, 31.918902], [77.571538, 31.919485], [77.618222, 31.9259], [77.712275, 31.966711], [77.81388, 32.021486], [77.741795, 32.107662], [77.681382, 32.107662], [77.664905, 32.141993], [77.573598, 32.155372], [77.561927, 32.208291], [77.428742, 32.215267], [77.390296, 32.27396], [77.331942, 32.310551], [77.292124, 32.35119], [77.244067, 32.368602], [77.224158, 32.388331], [77.147954, 32.412116], [77.113628, 32.408055], [77.047722, 32.435894], [76.972205, 32.402254], [76.917283, 32.426035], [76.911791, 32.470101], [76.882271, 32.473579], [76.764875, 32.355834], [76.775173, 32.185615], [76.806067, 32.066913], [76.865107, 32.038378], [76.933073, 32.043038], [76.937879, 32.064002], [76.966026, 32.065749], [76.987308, 32.021486], [76.986622, 31.970791], [77.064885, 31.891487], [77.070377, 31.862898], [77.086167, 31.837218], [77.118434, 31.823792], [77.190519, 31.836635], [77.203563, 31.821457]]]}}, {"type": "Feature", "properties": {"title": "Lohbya", "fill": "#CC5151", "family": "Indo-European", "cldf:languageReference": "lohb1238", "fill-opacity": 0.5}, "geometry": {"type": "Polygon", "coordinates": [[[79.447523, 29.940095], [79.41869, 29.966289], [79.409078, 30.057912], [79.38711, 30.073373], [79.373379, 30.103098], [79.340426, 30.098343], [79.304727, 30.06267], [79.277266, 30.015086], [79.263536, 29.959146], [79.258044, 29.912704], [79.269028, 29.855514], [79.370633, 29.853131], [79.447523, 29.940095]]]}}, {"type": "Feature", "properties": {"title": "Lower Mahasu Pahari", "fill": "#CC5151", "family": "Indo-European", "cldf:languageReference": "lowe1245", "fill-opacity": 0.5}, "geometry": {"type": "Polygon", "coordinates": [[[76.8108450206092, 31.20774269051167], [76.8109321852131, 31.207820064757176], [76.83408668057484, 31.226472021585497], [76.83418303575114, 31.226542227687798], [76.8343021151247, 31.226548], [76.89215722651025, 31.226548], [76.89265733871584, 31.22657307409283], [76.89315243497748, 31.22664804488727], [76.89363754965932, 31.226772160453457], [76.89410781723714, 31.226944175957296], [76.89455852109776, 31.227162366145706], [76.89498514084504, 31.22742454265027], [76.8953833976377, 31.22772807593578], [76.89574929710462, 31.228069921673526], [76.89607916940692, 31.22844665127481], [76.89636970604512, 31.228854486278422], [76.89661799304216, 31.229289336247277], [76.89682154016954, 31.22974683979397], [76.89697830592345, 31.230222408323954], [76.90134622717564, 31.2461082166071], [76.90144192366587, 31.246525339948303], [76.90150159991482, 31.24694911871762], [76.90282123601405, 31.260498215651825], [76.90283847567882, 31.26061576305939], [76.9029331514432, 31.26068753421444], [76.94968327574936, 31.292678915890157], [76.95006104416741, 31.292964607447935], [76.950410085456, 31.293284761821198], [76.95072726761677, 31.293636506218093], [76.95100974452798, 31.294016684384875], [76.9512549814831, 31.29442188492745], [76.95146077793521, 31.29484847192228], [76.95965709098252, 31.314121186170095], [76.9598290445716, 31.314588988753073], [76.95995357081785, 31.315071586419293], [76.96002943239212, 31.315564183937546], [76.9600558755117, 31.316061886715186], [76.96003263743005, 31.31655974943221], [76.95995994904752, 31.31705282517942], [76.95983853261707, 31.31753621461234], [76.9596695945678, 31.318005114632545], [76.95945481351743, 31.31845486611264], [76.95919632359315, 31.3188810001907], [76.95889669322625, 31.319279282674216], [76.95855889963147, 31.319645756112234], [76.95818629922454, 31.31997677911776], [76.95778259427176, 31.320269062549638], [76.95735179610335, 31.32051970219442], [76.95689818525558, 31.320726207623473], [76.95642626893817, 31.32088652693861], [76.92491720305927, 31.329866168744037], [76.92480602609014, 31.329903695572], [76.92475197081548, 31.330007842624706], [76.90975045048555, 31.36264488963489], [76.90970583917338, 31.362756380243155], [76.90980851846601, 31.362818648114125], [76.93568228397586, 31.376783023243643], [76.93578669005767, 31.376833171024494], [76.93589991942048, 31.376808787807516], [76.97549044090718, 31.36630911663118], [76.97559996885366, 31.36627448726822], [76.97564668709856, 31.366169544572475], [76.98733704404229, 31.33619390649186], [76.98752930422742, 31.335762355548493], [76.98776143707454, 31.33535087707178], [76.98803137009976, 31.334963144744776], [76.98833669333894, 31.33460262024473], [76.98867468086378, 31.334272522337198], [76.98904231511904, 31.33397579813888], [76.98943631386321, 31.33371509680574], [77.10873709188543, 31.262642874483358], [77.10914034981609, 31.262426991272466], [77.10956164902542, 31.262248863521684], [77.10999746370216, 31.26210998196449], [77.1104441465565, 31.26201150888685], [77.11089795934397, 31.261954268400185], [77.11135510415038, 31.261938739544444], [77.11181175517619, 31.261965052279084], [77.15534692743228, 31.266478928363462], [77.15547096177015, 31.266485461797288], [77.15556931077799, 31.266409602220676], [77.18030523783838, 31.245247012717126], [77.18070438250939, 31.244938981811853], [77.18113251915827, 31.244672714057725], [77.18158529450001, 31.244450916860014], [77.18205810472388, 31.24427584544826], [77.18254614230482, 31.24414927994512], [77.18304444488635, 31.244072507266132], [77.18354794573764, 31.244046308034388], [77.18405152527198, 31.244070948643156], [77.18455006310258, 31.24414617854721], [77.1850384901066, 31.244271232810377], [77.18551183996793, 31.244444839883364], [77.18596529967448, 31.244665234532885], [77.22127501653895, 31.264085808420237], [77.22137945846899, 31.264136955438794], [77.22149042001121, 31.26410214638232], [77.23878477703849, 31.257760942120107], [77.23922472753489, 31.257622291739736], [77.23967558352216, 31.257524776376766], [77.24013350766818, 31.25746922600539], [77.24059460248222, 31.25745611342675], [77.24105494348736, 31.257485550244812], [77.24151061262245, 31.257557285916498], [77.24195773158965, 31.257670709884106], [77.24239249486345, 31.257824856771897], [77.26932217729387, 31.2687960359184], [77.26943586345595, 31.268836014336028], [77.26955621359933, 31.268829796591618], [77.2905094060523, 31.266720294309703], [77.29098376050038, 31.266695215949824], [77.29145835411111, 31.266715265169516], [77.29192890337215, 31.26678026101169], [77.292391161274, 31.26688961684709], [77.29284095564203, 31.267042345669037], [77.29327422679299, 31.267237069001744], [77.29368706417631, 31.267472029342006], [77.29407574166927, 31.267745106021742], [77.29443675120774, 31.268053834348432], [77.30641347449044, 31.279323992018696], [77.30650907554511, 31.27940511495386], [77.30663358400837, 31.27939034556604], [77.35444236230131, 31.27121180828019], [77.35455668554881, 31.271186389847564], [77.3545303005294, 31.271072285805694], [77.31925004840039, 31.146789422217328], [77.31914529715667, 31.146343615136836], [77.3190817737689, 31.14589009385257], [77.31906001111389, 31.14543266280539], [77.3190801917514, 31.144975159233876], [77.31914214639268, 31.144521420984994], [77.31924535532066, 31.144075254319652], [77.32566706564639, 31.121151821987958], [77.32581866378086, 31.120696156251814], [77.32601327636306, 31.120257135523], [77.32624910818329, 31.119838809561536], [77.32652398380381, 31.119445037227923], [77.32683536762612, 31.119079450886986], [77.32718038728072, 31.118745422901004], [77.32755586012334, 31.118446034521256], [77.32795832259337, 31.118184047464915], [77.32838406216356, 31.11796187843953], [77.32882915158636, 31.11778157685], [77.3292894851209, 31.117644805893804], [77.32976081640653, 31.11755282721877], [77.33023879763353, 31.11750648928497], [77.33071901964959, 31.117506219538086], [77.33119705263218, 31.1175520204664], [77.33166848695156, 31.11764346957786], [77.33212897384756, 31.117779723297375], [77.54905706467646, 31.193472884121505], [77.54952514205512, 31.193663254835958], [77.54997161444162, 31.19389989770912], [77.59347118836543, 31.219852755397977], [77.59390025514857, 31.220139777030482], [77.59429744161494, 31.22046950818288], [77.59465851407896, 31.22083843418854], [77.59497962380102, 31.22124262259549], [77.59525734801198, 31.221677765083154], [77.59548872639701, 31.22213922338557], [77.63179750177156, 31.304968831449465], [77.63200618207483, 31.305535799086734], [77.65645342789855, 31.38680009024414], [77.65655603446481, 31.38720045764635], [77.65662522387997, 31.38760793155843], [77.65666052338058, 31.38801972775736], [77.65937470882608, 31.449429285023193], [77.65938550331094, 31.449546166449558], [77.65947437138382, 31.44962284926637], [77.69201197345011, 31.47508478427936], [77.6923217487085, 31.47534819059471], [77.69260909579701, 31.475635897474003], [77.72082508600477, 31.506284332841705], [77.72112581211796, 31.506643368398787], [77.72139162572135, 31.507028966446825], [77.72162019464375, 31.507437743860727], [77.72180951348793, 31.507866114146395], [77.72195792122541, 31.50831031890758], [77.7220641157699, 31.50876646082094], [77.72212716540135, 31.509230537830042], [77.72214651694064, 31.509698478258226], [77.72212200060301, 31.510166176532323], [77.72205383148767, 31.510629529203747], [77.71731827127125, 31.534870389430306], [77.71720955824873, 31.53531678459567], [77.71706032894174, 31.535751316273295], [77.71687184336594, 31.53617031550079], [77.71664569299676, 31.536570244463793], [77.71638378733184, 31.536947726367465], [77.7160883377681, 31.53729957394841], [77.68692105558695, 31.568959018718026], [77.686844918636, 31.569050036540116], [77.68679766641323, 31.569158886467367], [77.67315425601853, 31.605218032600085], [77.67311654409272, 31.605335076047783], [77.67315152591864, 31.605452964256877], [77.68506012491599, 31.639282174470008], [77.68519770726046, 31.639742536531344], [77.68529046639108, 31.640213978863674], [77.68533754572503, 31.640692147939777], [77.68533851050891, 31.64117262811441], [77.68529335183344, 31.641650982400538], [77.67861960069861, 31.688269054056633], [77.67860856926737, 31.688387943533325], [77.67871980661421, 31.68843133308067], [77.81853874577071, 31.73511385298383], [77.81865261218142, 31.735145865769923], [77.818761540249, 31.735099767461215], [77.91258563737316, 31.689949043767832], [77.9129925682619, 31.689774957652947], [77.91341329996294, 31.6896375401892], [77.91384453564416, 31.68953786817282], [77.91428289616478, 31.689476722628637], [77.93711512073115, 31.687316830213657], [77.93760613518901, 31.687294647603153], [77.93809695517282, 31.68732078205448], [77.93858283764824, 31.687394981017622], [77.93905908729451, 31.687516527471587], [78.01763020117633, 31.711739915947128], [78.01774064890654, 31.711768285978422], [78.01778437012966, 31.711662967345752], [78.06575873902739, 31.578527504865747], [78.06579362595505, 31.57841358947505], [78.06573843948196, 31.578308004120103], [78.04938566487063, 31.55041717386073], [78.04932141666521, 31.55031890731997], [78.0492084528259, 31.550350896629983], [77.99827226192305, 31.567497539857087], [77.99782443969396, 31.567625404828153], [77.997366663159, 31.567711048530303], [77.99690290388115, 31.56775372793865], [77.99643718532832, 31.56775307277655], [77.99597354796661, 31.567709088728037], [77.9585907936771, 31.56239631060634], [77.95811083148907, 31.56230397004323], [77.95764217823378, 31.562165209069452], [77.95718931218332, 31.561981353632035], [77.95675656075322, 31.56175416058354], [77.9563480591514, 31.56148580089424], [77.95596771086362, 31.561178838907143], [77.95561915035331, 31.560836207834132], [77.95530570833202, 31.560461181727284], [77.95503037993232, 31.560057344193293], [77.95479579608761, 31.559628554149878], [77.939872589085, 31.528869195272478], [77.93969642779716, 31.52846077094669], [77.93955726067473, 31.52803830705325], [77.93945618904863, 31.527605146856995], [77.93939401277231, 31.5271647182704], [77.93269180993833, 31.457382729637608], [77.93266918036743, 31.456852394741087], [77.93270290115235, 31.456322649416794], [77.93279259223668, 31.455799464258998], [77.9406350101144, 31.421198769893437], [77.9407655500435, 31.42072996363737], [77.94094104574181, 31.420276068012043], [77.94115983477384, 31.419841382679554], [77.94141984459502, 31.41943002532675], [77.96041131837535, 31.392393270485357], [77.96071540652179, 31.392002954471604], [77.96105658326223, 31.391644604610207], [77.9614315075731, 31.391321730095093], [77.96183650795271, 31.391037492722624], [77.96226761837504, 31.39079467592924], [77.96272061712763, 31.390595657534245], [77.9631910681533, 31.390442386454655], [78.05195366838684, 31.366310626907154], [78.05206767281419, 31.366273646919797], [78.05217247640131, 31.366215502813763], [78.24144700611565, 31.248935817832912], [78.2415388446532, 31.24887255773366], [78.24144115425267, 31.24881877350901], [78.17437031301364, 31.21602056490359], [78.17426924780187, 31.21597656640806], [78.1741646918861, 31.215941665045904], [78.07964107817273, 31.188969410738036], [78.079530028113, 31.188943153440878], [78.07941704242114, 31.18892715985159], [78.0060407582636, 31.181947283498996], [78.00560909316351, 31.18188714066862], [78.00518430546121, 31.181789635147553], [78.00476962272624, 31.181655507790218], [77.94386861767747, 31.158980586404418], [77.94342600609416, 31.158791053891257], [77.94300367693803, 31.158559827441422], [77.94260554651106, 31.15828905124171], [77.94223530671788, 31.157981236227837], [77.94189639083041, 31.15763923680029], [77.94159194165076, 31.157266224355148], [77.94132478236767, 31.15686565787542], [77.86651740920388, 31.03207773621158], [77.86629132553963, 31.03165608061512], [77.86610657830853, 31.03121474658532], [77.86596485910991, 31.030757775104806], [77.86586746556593, 31.03028935033726], [77.86581528944019, 31.029813761315978], [77.86580880847245, 31.029335362672253], [77.86584808200435, 31.028858534763092], [77.865932750436, 31.028387643563406], [77.86606203851865, 31.027927000689864], [77.88726645585064, 30.964258732453406], [77.88729870209589, 30.964143433817895], [77.8872509512169, 30.964033645616137], [77.86813615119074, 30.925359561580464], [77.86807851428304, 30.92525601448955], [77.86796001592808, 30.92525748181666], [77.82976154041927, 30.927600361391374], [77.82963894158007, 30.927614045524344], [77.82953130090421, 30.927674305094015], [77.7952507953438, 30.949178482844644], [77.79481383996016, 30.949422989242887], [77.79435462080077, 30.94962256667086], [77.79387774316132, 30.94977521365925], [77.79338798942607, 30.94987939938233], [77.79289027110771, 30.949934079009875], [77.79238957959207, 30.94993870418531], [77.70755518364925, 30.946470871949593], [77.7074380122557, 30.94647167450457], [77.70734651224498, 30.946544869638235], [77.65759531792028, 30.99039286534494], [77.65720248469741, 30.990705489770182], [77.65678028086776, 30.99097714377528], [77.65633296312366, 30.991205088523124], [77.6558650413579, 30.99138702585678], [77.65538123319463, 30.99152112146971], [77.6255922801528, 30.99818731941609], [77.62504965536412, 30.998277738276837], [77.62450038178949, 30.998308], [77.56202155253716, 30.998308], [77.56189402018079, 30.998314562180994], [77.56177051478303, 30.998347027252418], [77.51933856293977, 31.01186704653459], [77.51885127279776, 31.011995653650924], [77.51835351150802, 31.012074553405665], [77.51785033615546, 31.012102944204216], [77.51734685883004, 31.012080537605748], [77.51684819468966, 31.01200756125366], [77.5163594099919, 31.011884756562797], [77.51588547062256, 31.01171337118693], [77.515431191644, 31.011495146343023], [77.51500118837568, 31.011232299121055], [77.51459982950414, 31.01092749995915], [77.51423119269862, 31.010583845512826], [77.51389902318331, 31.010204827194045], [77.51360669568722, 31.00979429569965], [77.51335718015797, 31.009356421889596], [77.51315301158826, 31.008895654412438], [77.51299626426109, 31.008416674508588], [77.51288853067587, 31.007924348450494], [77.5097375965627, 30.98900267928582], [77.50971298854184, 30.988888747787257], [77.50961065835233, 30.988832940320588], [77.47824848975173, 30.973622586479973], [77.47813860513698, 30.97357580923569], [77.47803869167322, 30.97364123124167], [77.41790149922899, 31.01738161255414], [77.4174990485562, 31.017645681839863], [77.41707307027924, 31.017869828308203], [77.41662751235003, 31.01805197457747], [77.41616650418395, 31.018190432522367], [77.41569431838867, 31.018283918919476], [77.41521533116577, 31.018331567340105], [77.41473398175216, 31.018332936180357], [77.41425473127752, 31.01828801275386], [77.41378202141858, 31.018197213409376], [77.4133202332339, 31.018061379672073], [77.41287364656034, 31.017881770444312], [77.41244640034769, 31.017660050338176], [77.41204245429898, 31.01739827424791], [77.2520902839511, 30.902443425216607], [77.25170880936194, 30.902140008342464], [77.25135869095419, 30.901800889245045], [77.25104325603836, 30.901429290704186], [77.25076550231438, 30.90102874416444], [77.25052806938324, 30.900603056174365], [77.25033321366182, 30.900156272211447], [77.25018278693935, 30.899692638236356], [77.25007821877914, 30.899216560341934], [77.25002050293278, 30.898732562880404], [77.25001018789631, 30.898245245466686], [77.25004737169748, 30.897759239266502], [77.25013170096427, 30.897279162984592], [77.25026237428305, 30.8968095789714], [77.2504381498148, 30.89635494986528], [77.25065735709669, 30.89591959618233], [77.25091791291719, 30.895507655256846], [77.26529710147412, 30.875053850240505], [77.26535959679633, 30.874954926612837], [77.26526024816593, 30.874893109146814], [77.25375106609097, 30.86849605112948], [77.25364369388421, 30.868434620539364], [77.21673351841581, 30.846706881025792], [77.21662291861365, 30.84664906459804], [77.21650012434523, 30.846626779553254], [77.15895861850133, 30.839152553027333], [77.15851485834882, 30.839074438736308], [77.15807993232634, 30.838956692099934], [77.15765737246663, 30.838800269338247], [77.15725061037689, 30.838606440759964], [77.15686294937066, 30.83837678044631], [77.15649753764168, 30.838113153467923], [77.11372701396307, 30.804224398185955], [77.11356964046844, 30.80409438868586], [77.06838347789345, 30.765186323845985], [77.06829329828777, 30.765115651389586], [77.0681872292825, 30.76507233483963], [77.01775153424461, 30.74714375735165], [77.01729439526325, 30.746955308677176], [77.01685810479506, 30.746722629544994], [77.016446929568, 30.746447995454186], [77.01606489069407, 30.746134092204787], [76.97983556151172, 30.713234319683096], [76.97962512960522, 30.713063122603312], [76.94001660174511, 30.684267138951743], [76.93991577024367, 30.684201237703864], [76.93981096197967, 30.684260611047538], [76.92697400726189, 30.69240131094217], [76.92687882042358, 30.692468331176936], [76.92691307175573, 30.69257959254625], [76.93598878743481, 30.717680385889224], [76.93612820486334, 30.718131554090895], [76.93622443809137, 30.71859386257167], [76.93627662875716, 30.719063187725457], [76.9362843113409, 30.719535343360267], [76.93624741731703, 30.720006118037343], [76.93616627576544, 30.720471312635528], [76.93009976996618, 30.747609315999817], [76.92996051005554, 30.748108960989246], [76.929770237154, 30.74859149042992], [76.92953099889054, 30.749051711563155], [76.92924536983672, 30.749484671701953], [76.92891642380032, 30.749885711529533], [76.92854770074644, 30.750250515240744], [76.92814316870208, 30.750575156986756], [76.92770718105399, 30.750856143123237], [76.91530774744558, 30.75796536960635], [76.91520725847762, 30.758029686724477], [76.91518104986821, 30.758146081883993], [76.91139922134126, 30.779822751948057], [76.91128742470099, 30.780315185287975], [76.9111265293807, 30.780793831064035], [76.91091817644235, 30.781253807298334], [76.91066449099498, 30.781690422434153], [76.91036806051933, 30.782099223187757], [76.91003190847685, 30.78247603996998], [76.90965946347154, 30.782817029414183], [76.89333369706218, 30.796313752431534], [76.8932389597284, 30.796400790496516], [76.89320029784737, 30.796523493577748], [76.88540699068915, 30.826668399209797], [76.88524739550088, 30.82717358299767], [76.88503524276555, 30.827659044119226], [76.88477291437526, 30.828119332180435], [76.88446335555675, 30.82854927941154], [76.8841100418047, 30.82894405868691], [76.88371693986142, 30.829299237720402], [76.86037732212979, 30.848241016092274], [76.86028617755191, 30.84832289251711], [76.8602816567215, 30.848445328807333], [76.8609511127446, 30.899088798659925], [76.86093168331212, 30.899600160424786], [76.86086008830162, 30.900106858078104], [76.86073707765185, 30.900603584096597], [76.86056393986665, 30.901085135407204], [76.86034248851834, 30.90154646788789], [76.86027354560193, 30.90167304702742], [76.86024871541744, 30.901790413893096], [76.81085807695135, 31.207626871799796], [76.8108450206092, 31.20774269051167]]]}}, {"type": "Feature", "properties": {"title": "Majh-Kumaiya", "fill": "#CC5151", "family": "Indo-European", "cldf:languageReference": "majh1251", "fill-opacity": 0.5}, "geometry": {"type": "Polygon", "coordinates": [[[80.073615, 30.537268], [80.074988, 30.483993], [80.08048, 30.450829], [80.099703, 30.434243], [80.061257, 30.345341], [80.025558, 30.31213], [79.897865, 30.270601], [79.863539, 30.229054], [79.826467, 30.161355], [79.830586, 30.125705], [79.862166, 30.090042], [79.860793, 30.048419], [79.803125, 29.969882], [79.720743, 29.950834], [79.647971, 29.975834], [79.628749, 30.019867], [79.635614, 30.115007], [79.665821, 30.207681], [79.716624, 30.288402], [79.794887, 30.370242], [79.891, 30.440167], [79.963771, 30.487545], [80.073615, 30.537268]]]}}, {"type": "Feature", "properties": {"title": "Majhi (Panjabi)", "fill": "#CC5151", "family": "Indo-European", "cldf:languageReference": "majh1252", "fill-opacity": 0.5}, "geometry": {"type": "Polygon", "coordinates": [[[75.659324, 32.270564], [75.615387, 32.291476], [75.511036, 32.300769], [75.357255, 32.314706], [75.181505, 32.335607], [75.044201, 32.349539], [75.000264, 32.31006], [74.992026, 32.175238], [75.024979, 32.100768], [74.978295, 32.089126], [74.928866, 32.086798], [74.868452, 32.037886], [74.786069, 31.965636], [74.681718, 31.944649], [74.618558, 31.904994], [74.569128, 31.825634], [74.544413, 31.769574], [74.473015, 31.736856], [74.426332, 31.666709], [74.29452, 31.622254], [74.236852, 31.561388], [74.154469, 31.425465], [74.113278, 31.373856], [74.066595, 31.352736], [74.036388, 31.329263], [74.033641, 31.27995], [73.964989, 31.27995], [73.901829, 31.258808], [73.833177, 31.242361], [73.794732, 31.197705], [73.704111, 31.21651], [73.684889, 31.183599], [73.624475, 31.167139], [73.627221, 31.1248], [73.693127, 31.103624], [73.67665, 31.04713], [73.737064, 30.983534], [73.750795, 30.931684], [73.871622, 30.877447], [73.967735, 30.90339], [74.187422, 30.681467], [74.558144, 31.040066], [74.692702, 31.056548], [74.802546, 31.13421], [74.948088, 31.160084], [75.057932, 31.223561], [75.181505, 31.33161], [75.211712, 31.446569], [75.360001, 31.540309], [75.469844, 31.664369], [75.535751, 31.783592], [75.533004, 31.944649], [75.604403, 32.070497], [75.620879, 32.096111], [75.659324, 32.270564]]]}}, {"type": "Feature", "properties": {"title": "Malwa", "fill": "#CC5151", "family": "Indo-European", "cldf:languageReference": "malw1235", "fill-opacity": 0.5}, "geometry": {"type": "Polygon", "coordinates": [[[75.033584, 31.172785], [74.929233, 31.168082], [74.835866, 31.149267], [74.747991, 31.092801], [74.660116, 31.055138], [74.572241, 31.036301], [74.509081, 30.918484], [74.432191, 30.781635], [74.349808, 30.694233], [74.130122, 30.49788], [74.020278, 30.334345], [74.083438, 30.312994], [74.176805, 30.308249], [74.275664, 30.286892], [74.349808, 30.244165], [74.459652, 30.144397], [74.473382, 30.046906], [74.487113, 29.946938], [74.509081, 29.899299], [74.561257, 29.880237], [74.536542, 29.758631], [74.544781, 29.720449], [74.638147, 29.720449], [74.640894, 29.620154], [74.78369, 29.622543], [74.91001, 29.615375], [75.058299, 29.634488], [75.192857, 29.689416], [75.387829, 29.70374], [75.500418, 29.741928], [75.613008, 29.763402], [75.753058, 29.751473], [75.879378, 29.803952], [76.013937, 29.861171], [75.986476, 30.424442], [76.019429, 30.481302], [76.027667, 30.613847], [75.989222, 30.661141], [75.991968, 30.729676], [75.959015, 30.765105], [75.961761, 30.866599], [75.893109, 30.916126], [75.73109, 30.871317], [75.563578, 30.86188], [75.456481, 30.892545], [75.461973, 30.94913], [75.36586, 31.008038], [75.033584, 31.172785]]]}}, {"type": "Feature", "properties": {"title": "Mech", "fill": "#803333", "family": "Sino-Tibetan", "cldf:languageReference": "mech1238", "fill-opacity": 0.5}, "geometry": {"type": "MultiPolygon", "coordinates": [[[[89.97173364000176, 26.33214550888278], [89.97180023991521, 26.332251777097444], [89.97854221547603, 26.341883177749047], [89.97861750438084, 26.341980112769292], [89.97872442628558, 26.342040383189815], [89.99031453660822, 26.34783544326019], [89.99041948606542, 26.347881969225543], [89.99053416275608, 26.34788729], [89.99717365489373, 26.34788729], [89.99730294432962, 26.347880524825484], [89.99742383807286, 26.347834197418226], [90.00603934625795, 26.3440050751007], [90.00615266153613, 26.3439474932255], [90.00619906056667, 26.34382915829998], [90.01005053547988, 26.33227473356041], [90.0100858044043, 26.332146362052274], [90.01009294, 26.332013425133134], [90.01009294, 26.323409832671334], [90.01008761923325, 26.32329515606264], [90.01004109333324, 26.323190206666474], [90.0034522495185, 26.310012519037006], [90.00323495936168, 26.309511179494077], [90.0030736715225, 26.30898912338359], [90.00283902897051, 26.30805054840516], [90.00274137069275, 26.307554543567107], [90.00269429624721, 26.30705121272644], [90.00269828684387, 26.30654570109084], [90.00275330168955, 26.306043176160767], [90.00285877840504, 26.305548774905635], [90.00301363877385, 26.30506755125206], [90.00321629976413, 26.304604424421044], [90.00346468971088, 26.304164128642114], [90.0037562694932, 26.303751164758538], [90.00408805848993, 26.303369754218267], [90.00445666504862, 26.303023795920954], [90.00485832115596, 26.302716826362175], [90.0052889209557, 26.30245198348224], [90.00574406271994, 26.30223197458916], [90.00621909384505, 26.3020590486837], [90.006709158412, 26.301934973469383], [90.00763998503248, 26.30174880738831], [90.0081278795068, 26.30167604355929], [90.008620569542, 26.30165171], [90.02081407952124, 26.30165171], [90.0210139206054, 26.301655705242087], [90.04539966798416, 26.302631139500086], [90.04550721462995, 26.302630800326668], [90.04561433213735, 26.302621196386518], [90.06014481741326, 26.300683799006205], [90.06025984276174, 26.300662818059365], [90.06031882570862, 26.300561862411357], [90.0720107831255, 26.27815228148915], [90.07206228893321, 26.27804032127387], [90.0720786142718, 26.27791816800382], [90.0730381984067, 26.26640309010305], [90.07304370867894, 26.266071002649177], [90.0720747001472, 26.246690723660752], [90.07206191200048, 26.246564905880298], [90.07198898408255, 26.246461585169317], [90.06132443380436, 26.232888517595136], [90.0612433178616, 26.232795275521266], [90.06113229775927, 26.232740976190488], [90.04071986875398, 26.22399279374264], [90.04058641422134, 26.223944404540674], [90.04044831850274, 26.223911522939634], [90.01315289088487, 26.219037338020794], [90.01304371912289, 26.219022783991726], [90.01293368896803, 26.21901792], [89.99446530480296, 26.21901792], [89.99435407515051, 26.219022911596678], [89.99424817493411, 26.219057293216412], [89.98660908906204, 26.221921955271807], [89.98648762540205, 26.2219751085393], [89.98639936009522, 26.222074042487627], [89.98262489758748, 26.226792125418385], [89.98255338757653, 26.22689108697661], [89.98247429827975, 26.227026777031394], [89.98219129010553, 26.227459271608463], [89.98186514586727, 26.22786023933997], [89.98149935067947, 26.22822539556195], [89.97870438308034, 26.23074086526469], [89.97861890555673, 26.230825724295656], [89.97859478741843, 26.230943731827505], [89.97666043889167, 26.243517002167295], [89.97664956251062, 26.243611587789594], [89.97664593, 26.243706727374132], [89.97664593, 26.260219888876275], [89.97665113662913, 26.26033308445737], [89.97671488866163, 26.26042676490814], [89.98545038360608, 26.272074094789605], [89.98554654182396, 26.272206781128357], [89.99203479340345, 26.281475705226065], [89.9923527670158, 26.28199452167803], [89.99260536243375, 26.282548121970493], [89.99690473247458, 26.293726477083915], [89.99705859695953, 26.294194010877366], [89.99716574756813, 26.29467440745815], [89.997225145959, 26.29516301155035], [89.99723621653293, 26.295655088343285], [89.99719885201067, 26.296145869374122], [89.99711341447257, 26.296630598736584], [89.99698073184983, 26.29710457916801], [89.99680208990141, 26.297563217568083], [89.99657921975448, 26.298002069508215], [89.99420082932964, 26.30216424972953], [89.99395343741813, 26.302554200480653], [89.993671122847, 26.302919662967252], [89.99335629392156, 26.3032575195846], [89.9930116363132, 26.30356488822187], [89.9926400901491, 26.303839146848205], [89.99224482493123, 26.304077955880135], [89.99182921249876, 26.304279278139585], [89.97969988852152, 26.309477564876712], [89.97960012464452, 26.309525707056114], [89.97952352766394, 26.30960572832298], [89.97279015398519, 26.317301006939754], [89.97271639620439, 26.317393961776588], [89.97269398873732, 26.31751048953002], [89.97175235433302, 26.32410196864842], [89.97172726, 26.324455074740715], [89.97172726, 26.332020258024652], [89.97173364000176, 26.33214550888278]]], [[[89.44709320394172, 26.65253797941927], [89.44710038247423, 26.652642512504332], [89.4485498178621, 26.665687460463246], [89.44857108018161, 26.665816489953524], [89.44861885166036, 26.665938221549357], [89.45590063832263, 26.681958138389014], [89.45594593898394, 26.682047991776116], [89.45599833445483, 26.68213390158746], [89.46176636020576, 26.69078593044154], [89.46185064332064, 26.69089806229693], [89.46195792736084, 26.69098843558453], [89.47944476392475, 26.70410357288297], [89.47955539501275, 26.704177626729614], [89.47967925382207, 26.70422643456904], [89.50155887653536, 26.711519635550097], [89.50168724794486, 26.711554904416232], [89.5018201847537, 26.71156204], [89.52664032080665, 26.71156204], [89.52676915275318, 26.71155528306129], [89.5268773180424, 26.71148497234467], [89.54290711234304, 26.699826941921586], [89.54299818333489, 26.699753866449097], [89.54303554549759, 26.69964324086876], [89.54887353806456, 26.679210286666084], [89.54890005141414, 26.679098020903393], [89.5489054, 26.67898279090808], [89.5489054, 26.65562013927725], [89.54889864305278, 26.65549130725111], [89.5488283322526, 26.655383141920783], [89.53713435007658, 26.639303927573106], [89.53706469234056, 26.639212632880113], [89.53127283160318, 26.631972799598852], [89.53119498944027, 26.631884501119], [89.53108168813203, 26.631852581885962], [89.51215346622118, 26.627484532193805], [89.51201439932578, 26.627460646227632], [89.51187352278004, 26.62745265], [89.49047568380391, 26.62745265], [89.490014324643, 26.62743131927247], [89.48955690193272, 26.627367509089858], [89.48910731853672, 26.62726176389921], [89.48866941043141, 26.627114985949266], [89.48824691397617, 26.626928427592212], [89.48784343403368, 26.626703680598233], [89.48746241321224, 26.626442662574092], [89.4871071024924, 26.62614760060153], [89.48692643636979, 26.625982892438977], [89.48680730706603, 26.62597704], [89.48576573795653, 26.62597704], [89.4851455658354, 26.625938429577545], [89.47377858672502, 26.624517560799656], [89.47365019043121, 26.624508251440247], [89.47352513096827, 26.624538786717956], [89.45900833691319, 26.62889382591827], [89.45889628296469, 26.628933383795918], [89.45880004249061, 26.629003088058234], [89.45161623610448, 26.634750137061832], [89.45152102084351, 26.634834713846764], [89.45146769188318, 26.634950365048688], [89.44861976258261, 26.642070173825076], [89.44857296709263, 26.642210980752232], [89.44854326342211, 26.642356356474185], [89.44710364402012, 26.652433721556605], [89.44709320394172, 26.65253797941927]]], [[[88.93948613135653, 26.87978087334194], [88.93949495240312, 26.87989092950478], [88.94094241033199, 26.891470622363503], [88.9409619139023, 26.891583753669423], [88.94102109804157, 26.89168212195341], [88.94679635454722, 26.90034499692732], [88.94686293226445, 26.90043567587183], [88.9469514175254, 26.900505142569155], [88.9570899374594, 26.9077469481308], [88.95719136093716, 26.907812221587985], [88.95729861884057, 26.907867385781078], [88.97330263768137, 26.915141931732542], [88.97342186565973, 26.915188868638804], [88.97354818099409, 26.915210381896678], [88.9983707392352, 26.918130685776596], [88.9985053941063, 26.9181391687203], [88.99864017643753, 26.91813303538366], [89.0130132200075, 26.916695733948803], [89.01351073760112, 26.91667092], [89.04270769708215, 26.91667092], [89.04283907206288, 26.916667465138566], [89.07071319126224, 26.91520039943085], [89.07080940346162, 26.91519158965279], [89.07090464550178, 26.91517536148932], [89.0987332823873, 26.909316705794094], [89.09884405377059, 26.90928798299976], [89.09893696143915, 26.909221173843616], [89.13417068217227, 26.881327804963924], [89.13425624205385, 26.881253422558995], [89.13429010433211, 26.881145225601436], [89.14160359968918, 26.85335395910465], [89.14163125787981, 26.85321884816397], [89.14164380508402, 26.853081507312467], [89.14311033398685, 26.81201859864788], [89.14310912812306, 26.811904125670956], [89.14306662339234, 26.81179782955391], [89.13578449613094, 26.79577716339686], [89.13573234322563, 26.795675269886424], [89.13563418844032, 26.795616381422764], [89.11666234744135, 26.78540076636254], [89.11655207960202, 26.785348240507137], [89.11643008945968, 26.78534221], [89.0605987354151, 26.78534221], [89.06048255362192, 26.78534769988169], [89.06038747482545, 26.785414695182546], [89.0475046341009, 26.795434688879826], [89.04719205209784, 26.79565905289755], [89.04686314277814, 26.79585871606515], [89.03411416193188, 26.802941476802072], [89.0337166417617, 26.803139747020296], [89.00749857250743, 26.814792225534728], [89.00722793248535, 26.81493289050879], [88.98524354049968, 26.828123525700192], [88.985206162956, 26.828145731794102], [88.96024965275481, 26.84282603659417], [88.96014378078712, 26.842895820026474], [88.96005425683856, 26.842985620157936], [88.94693424901469, 26.857563403335842], [88.94686338363618, 26.857649624515922], [88.9468090451938, 26.857747109527416], [88.94101675920186, 26.869331671697893], [88.94096369014704, 26.86945376544388], [88.94093782612208, 26.869584357402445], [88.9394968815633, 26.87967098884422], [88.93948613135653, 26.87978087334194]]]]}}, {"type": "Feature", "properties": {"title": "Multani", "fill": "#CC5151", "family": "Indo-European", "cldf:languageReference": "mult1243", "fill-opacity": 0.5}, "geometry": {"type": "Polygon", "coordinates": [[[71.240616, 29.415999], [71.309268, 29.396845], [71.405381, 29.435149], [71.559162, 29.39445], [71.734912, 29.399239], [71.954598, 29.480616], [71.990298, 29.518888], [72.116618, 29.50693], [72.201746, 29.571489], [72.31159, 29.569099], [72.366511, 29.636008], [72.404957, 29.721968], [72.421433, 29.803085], [72.597183, 29.888902], [72.836092, 29.881753], [72.877283, 29.931782], [72.948682, 29.953216], [72.987127, 30.022248], [73.075002, 30.036524], [73.088732, 30.074585], [72.90749, 30.181552], [72.869045, 30.240927], [72.811377, 30.257546], [72.78117, 30.307386], [72.770247, 30.372626], [72.718072, 30.417667], [72.71258, 30.502951], [72.654912, 30.547932], [72.638435, 30.607085], [72.632943, 30.715834], [72.501131, 30.670931], [72.391288, 30.711108], [72.303413, 30.744183], [72.185331, 30.715834], [72.177093, 30.675658], [71.993105, 30.626007], [71.869531, 30.52426], [71.781657, 30.486374], [71.75145, 30.405816], [71.680051, 30.329936], [71.605907, 30.320447], [71.537255, 30.147109], [71.487825, 30.092433], [71.432904, 29.94013], [71.345029, 29.840055], [71.388966, 29.687366], [71.235185, 29.544009], [71.240616, 29.415999]]]}}, {"type": "Feature", "properties": {"title": "Nagpuriya", "fill": "#CC5151", "family": "Indo-European", "cldf:languageReference": "nagp1247", "fill-opacity": 0.5}, "geometry": {"type": "Polygon", "coordinates": [[[79.264909, 30.271766], [79.29237, 30.278887], [79.341799, 30.334646], [79.374752, 30.388002], [79.579336, 30.558548], [79.693298, 30.675624], [79.797649, 30.787837], [79.516176, 30.885768], [79.326696, 30.919962], [79.293743, 30.853922], [79.278639, 30.826785], [79.29237, 30.79492], [79.377498, 30.776031], [79.340426, 30.754777], [79.299235, 30.741786], [79.11662, 30.793739], [79.058952, 30.747691], [78.993046, 30.718162], [78.968331, 30.664987], [78.969704, 30.612964], [79.005404, 30.576296], [79.086413, 30.437776], [79.032864, 30.391558], [79.009523, 30.365478], [79.006777, 30.334646], [79.025999, 30.293126], [79.082294, 30.31804], [79.164677, 30.309736], [79.264909, 30.271766]]]}}, {"type": "Feature", "properties": {"title": "Northern Standard Bhojpuri", "fill": "#CC5151", "family": "Indo-European", "cldf:languageReference": "nort2656", "fill-opacity": 0.5}, "geometry": {"type": "Polygon", "coordinates": [[[82.803848, 27.696102], [82.842293, 27.528066], [82.798356, 27.457365], [82.817578, 27.411019], [82.674782, 27.415899], [82.559446, 27.281636], [82.5567, 27.208334], [82.507271, 27.191223], [82.553954, 27.130091], [82.617114, 27.056689], [82.614368, 27.007728], [82.526493, 26.917093], [82.2409, 26.939146], [82.213439, 26.882779], [82.444111, 26.654577], [82.66929, 26.630012], [82.702243, 26.561201], [82.869754, 26.571034], [83.166331, 26.366835], [83.158093, 26.312649], [83.221253, 26.310185], [83.375034, 26.322503], [83.46715, 26.272262], [83.552279, 26.280887], [83.641526, 26.252545], [83.737639, 26.259939], [83.865332, 26.214333], [83.876317, 26.167476], [83.920255, 26.126893], [84.047948, 26.10345], [84.263516, 25.989867], [84.399447, 25.976279], [84.730351, 25.956512], [84.918458, 25.908315], [85.101072, 25.900899], [85.12716, 25.900899], [85.072238, 25.996042], [84.985737, 26.010863], [84.959649, 26.086172], [84.970633, 26.114555], [84.93768, 26.175], [84.944545, 26.214457], [84.900797, 26.271156], [84.928409, 26.288551], [84.931155, 26.351368], [84.976465, 26.367375], [85.051983, 26.350137], [85.139857, 26.369837], [85.268923, 26.323043], [85.297757, 26.345211], [85.260685, 26.410459], [85.209883, 26.462138], [85.234597, 26.758231], [85.268923, 27.044987], [85.27167, 27.235753], [84.888591, 27.233309], [84.847399, 27.250413], [84.789731, 27.401795], [84.74854, 27.403015], [84.663411, 27.345661], [84.565925, 27.331013], [84.357223, 27.354205], [84.310539, 27.371291], [84.254245, 27.421313], [84.093599, 27.387154], [83.950802, 27.446925], [83.838213, 27.47375], [83.732488, 27.62239], [83.551247, 27.664996], [83.350782, 27.662562], [83.129722, 27.655259], [83.032236, 27.71975], [82.896305, 27.722183], [82.803848, 27.696102]]]}}, {"type": "Feature", "properties": {"title": "Padari", "fill": "#CC5151", "family": "Indo-European", "cldf:languageReference": "pada1256", "fill-opacity": 0.5}, "geometry": {"type": "Polygon", "coordinates": [[[76.251849, 33.017746], [76.154363, 33.086853], [76.076099, 33.137497], [76.023924, 33.174311], [76.029416, 33.20881], [76.054131, 33.303037], [76.104933, 33.384542], [76.173585, 33.454507], [76.233999, 33.502646], [76.290294, 33.518687], [76.345216, 33.51525], [76.444075, 33.471702], [76.520965, 33.421252], [76.563529, 33.394868], [76.581379, 33.37192], [76.641793, 33.355852], [76.681611, 33.307631], [76.721429, 33.267427], [76.710445, 33.197312], [76.70358, 33.166259], [76.669254, 33.134045], [76.625316, 33.121386], [76.601975, 33.176611], [76.595109, 33.215708], [76.553918, 33.211109], [76.522338, 33.212259], [76.463297, 33.199611], [76.417987, 33.20651], [76.375423, 33.186962], [76.349335, 33.144401], [76.339723, 33.105273], [76.304024, 33.062672], [76.295786, 33.029268], [76.251849, 33.017746]]]}}, {"type": "Feature", "properties": {"title": "Pahari", "fill": "#CC5151", "family": "Indo-European", "cldf:languageReference": "paha1252", "fill-opacity": 0.5}, "geometry": {"type": "Polygon", "coordinates": [[[73.502571, 33.939746], [73.444903, 33.935186], [73.363893, 33.90896], [73.318583, 33.8211], [73.433919, 33.740006], [73.534149, 33.658837], [73.667334, 33.657693], [73.668707, 33.797124], [73.645365, 33.829092], [73.653603, 33.935187], [73.60692, 34.036596], [73.551998, 34.091238], [73.487465, 34.027485], [73.490211, 33.963685], [73.502571, 33.939746]]]}}, {"type": "Feature", "properties": {"title": "Poguli", "fill": "#CC5151", "family": "Indo-European", "cldf:languageReference": "pogu1238", "fill-opacity": 0.5}, "geometry": {"type": "Polygon", "coordinates": [[[75.450588, 33.403282], [75.533657, 33.320072], [75.548074, 33.308015], [75.605055, 33.28734], [75.508256, 33.274129], [75.44029, 33.274129], [75.40871, 33.274129], [75.383309, 33.264363], [75.339371, 33.276427], [75.29818, 33.281597], [75.275525, 33.282745], [75.253556, 33.291935], [75.226095, 33.294232], [75.206186, 33.301698], [75.169114, 33.314331], [75.147145, 33.328684], [75.14234, 33.345904], [75.101149, 33.37345], [75.074374, 33.405576], [75.062703, 33.423355], [75.059957, 33.443997], [75.066822, 33.461195], [75.07918, 33.480109], [75.095656, 33.497299], [75.116252, 33.495007], [75.139594, 33.499018], [75.180099, 33.48985], [75.197262, 33.480109], [75.21923, 33.449157], [75.240512, 33.437117], [75.300926, 33.407297], [75.359967, 33.374024], [75.375071, 33.385499], [75.421068, 33.398693], [75.450588, 33.403282]]]}}, {"type": "Feature", "properties": {"title": "Pothwari", "fill": "#CC5151", "family": "Indo-European", "cldf:languageReference": "poth1238", "fill-opacity": 0.5}, "geometry": {"type": "Polygon", "coordinates": [[[74.171076, 32.943075], [74.052994, 33.021458], [73.945897, 33.056017], [73.890975, 33.092865], [73.811338, 33.203316], [73.731702, 33.331999], [73.682272, 33.357254], [73.679526, 33.389386], [73.687765, 33.478834], [73.723464, 33.506338], [73.704241, 33.593375], [73.657558, 33.652877], [73.533984, 33.66889], [73.322535, 33.819719], [73.248391, 33.869937], [73.116579, 33.856244], [73.009481, 33.819719], [72.95456, 33.890472], [72.883161, 33.847114], [72.863939, 33.764903], [72.921607, 33.597954], [72.998497, 33.400859], [73.04518, 33.286063], [73.039688, 33.173416], [73.100102, 32.996106], [73.097356, 32.651988], [73.336266, 32.628845], [73.59989, 32.721381], [73.72621, 32.81844], [73.92942, 32.848461], [74.171076, 32.943075]]]}}, {"type": "Feature", "properties": {"title": "Powadhi", "fill": "#CC5151", "family": "Indo-European", "cldf:languageReference": "powa1244", "fill-opacity": 0.5}, "geometry": {"type": "Polygon", "coordinates": [[[75.445518, 30.948757], [75.591061, 30.986462], [75.68992, 30.98175], [75.747588, 31.007665], [75.887638, 30.995886], [75.94256, 31.007665], [76.112817, 30.972324], [76.217168, 30.984106], [76.392918, 30.972324], [76.464316, 30.988818], [76.52473, 31.026507], [76.560429, 31.071244], [76.568667, 31.139486], [76.60162, 31.205328], [76.648304, 31.231182], [76.730686, 31.172413], [76.881721, 30.958185], [76.950373, 30.913395], [77.008041, 30.89453], [77.016279, 30.828472], [76.826799, 30.464346], [76.72794, 30.412216], [76.58789, 30.272276], [76.431363, 30.072695], [76.329758, 30.008458], [76.244629, 30.113119], [76.162247, 30.129759], [76.123801, 30.060802], [76.085356, 29.925126], [76.01945, 29.867944], [75.978259, 30.407476], [76.013958, 30.483295], [76.030434, 30.622933], [75.986497, 30.656038], [75.978259, 30.722214], [75.964528, 30.767093], [75.961782, 30.875661], [75.895876, 30.906321], [75.728365, 30.873302], [75.497694, 30.87802], [75.442772, 30.896888], [75.445518, 30.948757]]]}}, {"type": "Feature", "properties": {"title": "Punchic", "fill": "#CC5151", "family": "Indo-European", "cldf:languageReference": "punc1240", "fill-opacity": 0.5}, "geometry": {"type": "Polygon", "coordinates": [[[74.258945, 34.096527], [74.379773, 34.062382], [74.456663, 33.957585], [74.511585, 33.829831], [74.607698, 33.665296], [74.300136, 33.58291], [73.998067, 33.603514], [73.89097, 33.617247], [73.838794, 33.644707], [73.761903, 33.62869], [73.663044, 33.656146], [73.663044, 33.747603], [73.657552, 33.797863], [73.63833, 33.820699], [73.65206, 33.932506], [73.605377, 34.023668], [73.553201, 34.089699], [73.676775, 34.066935], [73.811333, 34.130658], [73.959622, 34.103354], [74.077703, 34.055551], [74.187636, 34.049965], [74.258945, 34.096527]]]}}, {"type": "Feature", "properties": {"title": "Rathi", "fill": "#CC5151", "family": "Indo-European", "cldf:languageReference": "rath1241", "fill-opacity": 0.5}, "geometry": {"type": "Polygon", "coordinates": [[[78.826825, 30.191174], [78.902342, 30.206613], [78.980606, 30.238673], [79.001201, 30.267161], [79.02317, 30.298014], [79.073972, 30.318182], [79.13164, 30.316996], [79.189308, 30.301573], [79.260706, 30.275469], [79.310136, 30.232737], [79.363685, 30.201863], [79.411741, 30.168604], [79.366431, 30.131768], [79.363685, 30.106807], [79.329358, 30.091351], [79.296405, 30.046161], [79.27581, 29.992618], [79.264825, 29.940238], [79.274437, 29.886639], [79.270318, 29.862808], [79.21265, 29.855657], [79.174205, 29.911655], [79.105552, 29.978336], [79.065734, 29.965241], [79.009439, 29.972384], [78.944906, 30.046161], [78.826825, 30.191174]]]}}, {"type": "Feature", "properties": {"title": "Salani", "fill": "#CC5151", "family": "Indo-European", "cldf:languageReference": "sala1263", "fill-opacity": 0.5}, "geometry": {"type": "Polygon", "coordinates": [[[79.213954, 29.855826], [79.190612, 29.815297], [79.113722, 29.627936], [79.005251, 29.564608], [78.968179, 29.522766], [78.944837, 29.467747], [78.877558, 29.459372], [78.778699, 29.48928], [78.675721, 29.533527], [78.597458, 29.589705], [78.541163, 29.645852], [78.549401, 29.717484], [78.512329, 29.768788], [78.45878, 29.798604], [78.379144, 29.83318], [78.333833, 29.905869], [78.261062, 29.999928], [78.266554, 30.051097], [78.322849, 30.135512], [78.383263, 30.120061], [78.443677, 30.118872], [78.491733, 30.06418], [78.552147, 30.068937], [78.60295, 30.062991], [78.635903, 30.130758], [78.700436, 30.202041], [78.763596, 30.187789], [78.825383, 30.188977], [78.961314, 30.027305], [79.010744, 29.976134], [79.062919, 29.970182], [79.113722, 29.977324], [79.213954, 29.855826]]]}}, {"type": "Feature", "properties": {"title": "Southern Standard Bhojpuri", "fill": "#CC5151", "family": "Indo-European", "cldf:languageReference": "sout2661", "fill-opacity": 0.5}, "geometry": {"type": "Polygon", "coordinates": [[[83.880277, 26.156098], [83.929707, 26.114153], [84.061519, 26.111685], [84.250999, 26.007991], [84.517369, 25.968464], [84.715087, 25.963522], [84.951251, 25.909149], [85.137984, 25.891843], [85.206637, 25.711217], [84.910059, 25.661682], [84.838661, 25.542715], [84.789231, 25.500552], [84.789231, 25.403771], [84.68488, 25.232351], [84.533845, 25.17267], [84.415764, 25.05571], [84.349858, 25.033301], [84.034058, 24.651719], [84.154886, 24.536765], [83.973644, 24.441724], [83.748465, 24.374151], [83.473856, 24.341603], [83.421681, 24.50676], [83.539762, 24.524264], [83.545254, 24.609248], [83.52054, 24.696672], [83.495825, 24.751592], [83.416188, 24.781539], [83.396966, 24.943623], [83.33106, 25.043261], [83.40795, 25.205001], [83.580954, 25.287033], [83.5837, 25.351625], [83.611161, 25.517915], [83.630383, 25.75578], [83.663336, 25.93881], [83.742973, 26.057381], [83.792402, 26.067256], [83.814371, 26.153631], [83.880277, 26.156098]]]}}, {"type": "Feature", "properties": {"title": "Srinagaria", "fill": "#CC5151", "family": "Indo-European", "cldf:languageReference": "srin1238", "fill-opacity": 0.5}, "geometry": {"type": "Polygon", "coordinates": [[[78.701809, 30.202041], [78.758104, 30.188977], [78.821264, 30.187789], [78.88717, 30.204417], [78.953076, 30.229353], [78.988775, 30.251909], [79.023101, 30.300565], [79.01349, 30.332594], [78.891289, 30.330222], [78.803414, 30.314801], [78.722404, 30.287514], [78.694944, 30.260218], [78.701809, 30.202041]]]}}, {"type": "Feature", "properties": {"title": "Standard Assamese", "fill": "#CC5151", "family": "Indo-European", "cldf:languageReference": "stan1302", "fill-opacity": 0.5}, "geometry": {"type": "MultiPolygon", "coordinates": [[[[91.68555133, 26.09680658], [91.72500699, 26.10228653], [91.91024501, 26.11239043], [92.03822763, 26.11239043], [92.1257947, 26.11575839], [92.21336176, 26.11575839], [92.29756086, 26.10902246], [92.34808032, 26.08544671], [92.37839199, 26.06187097], [92.40870367, 26.0214554], [92.41880756, 26.00124762], [92.42554349, 25.96420001], [92.42217552, 25.92041648], [92.41543959, 25.89010481], [92.39859977, 25.87326499], [92.37839199, 25.85979313], [92.37502403, 25.83958535], [92.38849588, 25.82611349], [92.39523181, 25.81937756], [92.44575127, 25.79580182], [92.5366863, 25.79580182], [92.61414947, 25.79580182], [92.65456503, 25.79916978], [92.71855635, 25.80927367], [92.79265155, 25.82948146], [92.83980305, 25.84968924], [92.87685065, 25.89010481], [92.92400215, 25.90357666], [92.9846255, 25.91704852], [93.0216731, 25.92041648], [93.03851292, 25.94062427], [93.03851292, 25.96420001], [93.00820124, 25.98777576], [92.98125753, 26.01471947], [92.97115364, 26.05176707], [92.9846255, 26.08544671], [92.9846255, 26.11575839], [92.97788957, 26.1797497], [92.95768179, 26.24374102], [92.93410604, 26.29762844], [92.91389825, 26.3481479], [92.91389825, 26.37845958], [92.91389825, 26.40877125], [92.95431382, 26.46265867], [92.9846255, 26.47949849], [93.0216731, 26.49297035], [93.08566441, 26.49970628], [93.15975962, 26.49970628], [93.28437429, 26.49970628], [93.42919673, 26.49297035], [93.57738715, 26.48286646], [93.66832217, 26.47276256], [93.71547367, 26.45592275], [93.74746933, 26.43992492], [93.79125286, 26.4230851], [93.8148286, 26.40624528], [93.84177232, 26.38603749], [93.86871603, 26.36919767], [93.9461792, 26.36246175], [94.00006662, 26.36246175], [94.05732201, 26.36582971], [94.10784147, 26.36919767], [94.13141721, 26.36919767], [94.15499296, 26.3759336], [94.14825703, 26.40624528], [94.11794536, 26.41634917], [94.09100165, 26.43318899], [94.09436961, 26.4601327], [94.10110554, 26.48034048], [94.13815314, 26.51402012], [94.18193667, 26.54096383], [94.23245613, 26.57464347], [94.27623966, 26.60158718], [94.31665523, 26.618427], [94.34359894, 26.62516293], [94.39748636, 26.64537072], [94.43790193, 26.65210664], [94.46147768, 26.66894646], [94.49852528, 26.67568239], [94.5524127, 26.69252221], [94.58272438, 26.70599407], [94.63997976, 26.72956981], [94.71070701, 26.76324945], [94.75449054, 26.76998538], [94.78480221, 26.7868252], [94.82184982, 26.81713688], [94.86900131, 26.83734466], [94.92962466, 26.85081652], [94.95993634, 26.86765633], [95.0003519, 26.88786412], [95.04413544, 26.9080719], [95.08118304, 26.91143987], [95.12496657, 26.92827969], [95.15191028, 26.94175154], [95.18558992, 26.98216711], [95.20916567, 27.02258268], [95.23274142, 27.05963028], [95.26642105, 27.09330992], [95.34725219, 27.12362159], [95.39777165, 27.14382938], [95.45165907, 27.15393327], [95.48533871, 27.16403716], [95.51228242, 27.17414105], [95.53922613, 27.20108476], [95.55269799, 27.21792458], [95.57290577, 27.22466051], [95.62679319, 27.22802847], [95.67057672, 27.22802847], [95.70425636, 27.23813237], [95.72446415, 27.25834015], [95.75814379, 27.28865183], [95.78845546, 27.30212368], [95.81876714, 27.30212368], [95.84907881, 27.31222757], [95.8692866, 27.32906739], [95.87265456, 27.32906739], [95.89286234, 27.35937907], [95.89286234, 27.39642667], [95.89286234, 27.42000242], [95.88275845, 27.45368206], [95.85244678, 27.49072966], [95.81539917, 27.51767337], [95.77835157, 27.53114523], [95.75814379, 27.55472097], [95.75140786, 27.56819283], [95.76151175, 27.59513654], [95.79182343, 27.63218415], [95.81539917, 27.66586378], [95.8221351, 27.70627935], [95.82550307, 27.7298551], [95.85581474, 27.74669492], [95.89623031, 27.75006288], [95.91980606, 27.77363863], [95.95011773, 27.79047845], [95.97032551, 27.80395031], [96.00737312, 27.80731827], [96.13535575, 27.81742216], [96.24313059, 27.81742216], [96.32396173, 27.8140542], [96.36437729, 27.81068623], [96.37111322, 27.8140542], [96.38121711, 27.83089402], [96.37784915, 27.85446976], [96.36100933, 27.89488533], [96.30038598, 27.98245239], [96.26333838, 28.03970778], [96.24313059, 28.07338742], [96.22629077, 28.10033113], [96.17577131, 28.11043502], [96.03094886, 28.12390688], [95.87939049, 28.13064281], [95.63016116, 28.13737873], [95.50554649, 28.13737873], [95.42808332, 28.13064281], [95.35062015, 28.11717095], [95.32367644, 28.10706706], [95.29673273, 28.08685927], [95.28326087, 28.07338742], [95.27315698, 28.03970778], [95.27315698, 28.01276407], [95.27315698, 27.98918832], [95.27315698, 27.95214072], [95.26305309, 27.93193293], [95.2529492, 27.90835719], [95.23274142, 27.87130958], [95.2159016, 27.8511018], [95.19569381, 27.83089402], [95.17211806, 27.80731827], [95.14854232, 27.79384641], [95.12496657, 27.78374252], [95.084551, 27.77363863], [95.03403154, 27.75679881], [95.00371987, 27.75343085], [94.95656837, 27.74332695], [94.89594502, 27.71638324], [94.82521778, 27.67933564], [94.77133036, 27.65575989], [94.67029144, 27.63555211], [94.6366118, 27.62544822], [94.54230881, 27.59176858], [94.48505342, 27.57829672], [94.44126989, 27.5614569], [94.40085433, 27.54798505], [94.36380672, 27.52104134], [94.29644744, 27.4772578], [94.2257202, 27.4402102], [94.17183278, 27.4031626], [94.15499296, 27.38969074], [94.11794536, 27.38295481], [94.09100165, 27.37958685], [94.06405793, 27.35937907], [94.04721811, 27.33917128], [94.03037829, 27.3189635], [93.99333069, 27.30212368], [93.96975494, 27.28528386], [93.95628309, 27.26507608], [93.94954716, 27.24150033], [93.93270734, 27.22129255], [93.88218788, 27.18087698], [93.8249325, 27.14046141], [93.79462082, 27.11014974], [93.75420525, 27.0764701], [93.70705376, 27.05289435], [93.6194867, 27.02174068], [93.52181574, 26.99479697], [93.44098461, 26.98469308], [93.29953012, 26.98806105], [93.15470768, 26.99479697], [93.05366876, 26.98806105], [92.78759961, 27.00490086], [92.66972087, 27.00826883], [92.6293053, 27.00826883], [92.60572956, 26.99479697], [92.58215381, 26.97458919], [92.51142657, 26.96111733], [92.47437896, 26.96111733], [92.44406729, 26.95438141], [92.40028376, 26.93080566], [92.36997208, 26.92070177], [92.32618855, 26.91396584], [92.25546131, 26.9173338], [92.2184137, 26.91396584], [92.18473407, 26.89375806], [92.16452628, 26.87355027], [92.12747868, 26.86344638], [92.03991162, 26.86344638], [91.95234455, 26.88365416], [91.88498528, 26.88702213], [91.83109785, 26.88702213], [91.80752211, 26.88365416], [91.77721043, 26.87355027], [91.74353079, 26.83987063], [91.72669097, 26.81629489], [91.71533203, 26.79555511], [91.70322449, 26.80372235], [91.70063749, 26.80808235], [91.67624649, 26.80200035], [91.66777849, 26.80227835], [91.63522339, 26.81322289], [91.67196156, 26.78472022], [91.69216934, 26.72072891], [91.70900916, 26.65336963], [91.71237713, 26.58264239], [91.71574509, 26.49170736], [91.71574509, 26.45129179], [91.72248102, 26.41087623], [91.73595287, 26.37719659], [91.7426888, 26.34014899], [91.7426888, 26.28962953], [91.73932084, 26.22900618], [91.71574509, 26.17848672], [91.69890527, 26.14480708], [91.68543341, 26.1144954], [91.68555133, 26.09680658]]]]}}, {"type": "Feature", "properties": {"title": "Surgujia", "fill": "#CC5151", "family": "Indo-European", "cldf:languageReference": "surg1246", "fill-opacity": 0.5}, "geometry": {"type": "Polygon", "coordinates": [[[82.15839, 23.159795], [82.194089, 23.313843], [82.073262, 23.399629], [82.045801, 23.495441], [82.100722, 23.57859], [82.262742, 23.573553], [82.339632, 23.654135], [82.372585, 23.78749], [82.548334, 23.795034], [82.630717, 23.817665], [82.707607, 23.908146], [82.814705, 23.968433], [82.855896, 23.923221], [83.039884, 23.895583], [83.163458, 23.905634], [83.240348, 23.9835], [83.309, 24.083902], [83.394129, 24.136582], [83.506718, 24.101464], [83.586355, 23.988522], [83.594593, 23.893071], [83.715421, 23.870453], [83.745628, 23.835263], [83.789565, 23.656652], [83.86371, 23.583628], [83.937854, 23.576071], [83.981791, 23.654135], [84.088889, 23.601258], [84.044951, 23.515603], [84.110857, 23.26083], [84.044951, 23.159795], [84.110857, 22.975209], [84.039459, 22.541836], [83.924124, 22.597669], [83.852725, 22.595131], [83.792311, 22.389451], [83.68796, 22.437725], [83.6248, 22.488521], [83.619308, 22.569755], [83.460035, 22.539298], [83.487496, 22.404697], [83.429828, 22.407238], [83.407859, 22.465665], [83.355684, 22.361496], [83.24584, 22.333535], [83.240348, 22.275053], [83.284286, 22.117284], [83.166204, 22.0689], [83.111282, 22.183467], [83.086567, 22.27251], [83.116774, 22.41232], [83.108536, 22.602743], [82.960247, 22.716871], [82.770767, 22.803038], [82.616987, 22.846101], [82.616987, 22.965087], [82.493413, 22.952434], [82.408284, 22.997979], [82.268234, 22.934718], [82.199582, 23.066269], [82.128183, 23.068798], [82.100722, 23.111776], [82.15839, 23.159795]]]}}, {"type": "Feature", "properties": {"title": "Tehri", "fill": "#CC5151", "family": "Indo-European", "cldf:languageReference": "tehr1243", "fill-opacity": 0.5}, "geometry": {"type": "Polygon", "coordinates": [[[79.33205, 30.921158], [79.281247, 30.832703], [79.288113, 30.796117], [79.378733, 30.777229], [79.344407, 30.747709], [79.30047, 30.73826], [79.116482, 30.790215], [79.062934, 30.745347], [78.992908, 30.716998], [78.969567, 30.667368], [78.97094, 30.611799], [79.01625, 30.57158], [79.089021, 30.443717], [79.01625, 30.364309], [79.009385, 30.328733], [78.896795, 30.32636], [78.81304, 30.314499], [78.73203, 30.293143], [78.694958, 30.259915], [78.699077, 30.201738], [78.640036, 30.132831], [78.600218, 30.061498], [78.548042, 30.069823], [78.490375, 30.061498], [78.445064, 30.118569], [78.380531, 30.11738], [78.322863, 30.136397], [78.277553, 30.214801], [78.317371, 30.252793], [78.315998, 30.301449], [78.272061, 30.341779], [78.305014, 30.404614], [78.288537, 30.455563], [77.997452, 30.513589], [77.997452, 30.533712], [78.035897, 30.547915], [78.042763, 30.623625], [78.125145, 30.731173], [78.123644, 30.7546], [78.049499, 30.846666], [78.046753, 30.88677], [78.085198, 30.9245], [78.04538, 30.979888], [78.011054, 30.982245], [77.953386, 30.966928], [77.923179, 30.962215], [77.906703, 30.988135], [77.923179, 31.036422], [78.005562, 31.145861], [78.160716, 31.165852], [78.225249, 31.199945], [78.306258, 31.229326], [78.372164, 31.279839], [78.457293, 31.270443], [78.491619, 31.225801], [78.552033, 31.203471], [78.638535, 31.204647], [78.725036, 31.205822], [78.793689, 31.172907], [78.849983, 31.169379], [78.910397, 31.135275], [79.051821, 31.12116], [79.08752, 31.062322], [79.117727, 31.047019], [79.152053, 30.986957], [79.202855, 30.956323], [79.33205, 30.921158]]]}}, {"type": "Feature", "properties": {"title": "Tengima", "fill": "#803333", "family": "Sino-Tibetan", "cldf:languageReference": "teng1262", "fill-opacity": 0.5}, "geometry": {"type": "MultiPolygon", "coordinates": [[[[94.34579648, 25.95597386], [94.34087781, 25.95105518], [94.32710551, 25.93925035], [94.30939827, 25.92055937], [94.28873982, 25.90285213], [94.2661139, 25.88416116], [94.24545545, 25.86842139], [94.23069942, 25.85760029], [94.21889459, 25.85169788], [94.20610603, 25.84973041], [94.20020361, 25.85169788], [94.19528494, 25.86547018], [94.19233373, 25.88514489], [94.19134999, 25.92449432], [94.19134999, 25.95007144], [94.19233373, 25.96384374], [94.19233373, 25.97859977], [94.18348011, 25.96286], [94.17167528, 25.94712023], [94.16183793, 25.94023409], [94.14609816, 25.93826661], [94.13330959, 25.93826661], [94.10084632, 25.95203891], [94.08707402, 25.96089253], [94.0782204, 25.96581121], [94.06149689, 25.9736811], [94.05165954, 25.97859977], [94.03466277, 25.98787012], [94.02089047, 25.97540946], [94.00711818, 25.96229299], [93.99793664, 25.95245563], [93.98613182, 25.94458575], [93.97563864, 25.93540422], [93.96580128, 25.92687851], [93.95399645, 25.92097609], [93.94350327, 25.91154863], [93.93104262, 25.89843215], [93.91530285, 25.88334821], [93.90153055, 25.87154338], [93.88316749, 25.85777108], [93.86349278, 25.8472779], [93.85234377, 25.84006384], [93.83857148, 25.83088231], [93.82742247, 25.82038913], [93.814306, 25.80464936], [93.80446864, 25.7974353], [93.79463129, 25.79415618], [93.77889152, 25.78563047], [93.76774251, 25.78169553], [93.76930337, 25.78224642], [93.77479262, 25.77308784], [93.78364624, 25.75636434], [93.79249986, 25.74259204], [93.80430469, 25.727836], [93.81709325, 25.71209623], [93.83283302, 25.69635647], [93.84660532, 25.68160043], [93.86234509, 25.6668444], [93.87808486, 25.65503957], [93.89775957, 25.64028354], [93.91645054, 25.6225763], [93.93514152, 25.5979829], [93.94399514, 25.58027566], [93.94891382, 25.56551963], [93.95088129, 25.55568227], [93.95088129, 25.54682865], [93.95088129, 25.53502383], [93.94989756, 25.52912141], [93.95984422, 25.53263963], [93.97427234, 25.53919787], [93.98607716, 25.54182117], [93.99460287, 25.54182117], [94.00444023, 25.53919787], [94.01099847, 25.53395128], [94.01821253, 25.5234581], [94.02477077, 25.51689986], [94.03329647, 25.51362075], [94.04116636, 25.51296492], [94.0562503, 25.51165327], [94.07461337, 25.51099745], [94.09428808, 25.51034163], [94.12052103, 25.51034163], [94.14019574, 25.51165327], [94.14579648, 25.51245338], [94.15200057, 25.52214645], [94.15790298, 25.53591875], [94.16478913, 25.54969105], [94.17167528, 25.56936576], [94.17364275, 25.57723565], [94.18249637, 25.587073], [94.19036626, 25.59887783], [94.19134999, 25.60871519], [94.1943012, 25.62740616], [94.19626867, 25.64609714], [94.20020361, 25.65691823], [94.21200844, 25.67954415], [94.21397591, 25.69134898], [94.21397591, 25.70315381], [94.2080735, 25.71495863], [94.20708976, 25.72184478], [94.20610603, 25.73364961], [94.2080735, 25.73856829], [94.21299218, 25.74151949], [94.21397591, 25.74250323], [94.224797, 25.74840564], [94.23758557, 25.76021047], [94.25332534, 25.77398277], [94.27103258, 25.78382012], [94.27496752, 25.78382012], [94.28480488, 25.78480386], [94.2936585, 25.7857876], [94.30349585, 25.79169001], [94.3074308, 25.79562495], [94.31136574, 25.80349484], [94.31234947, 25.80742978], [94.31923562, 25.82612076], [94.32808924, 25.84481173], [94.33202419, 25.85563282], [94.33595913, 25.87530754], [94.33694286, 25.89104731], [94.3379266, 25.9185919], [94.34087781, 25.92842926], [94.34579648, 25.94318529], [94.34579648, 25.95597386]]]]}}, {"type": "Feature", "properties": {"title": "Thali", "fill": "#CC5151", "family": "Indo-European", "cldf:languageReference": "thal1241", "fill-opacity": 0.5}, "geometry": {"type": "Polygon", "coordinates": [[[70.960063, 30.674358], [71.234672, 30.669631], [71.300578, 30.787753], [71.48182, 30.820801], [71.514773, 30.726347], [71.59479, 30.682162], [71.682664, 30.649066], [71.748571, 30.670344], [71.841937, 30.649066], [72.12753, 31.214851], [72.17696, 31.43319], [72.30328, 31.770261], [72.404885, 31.989634], [72.487268, 32.261952], [72.533951, 32.310743], [72.709701, 32.422168], [72.753638, 32.419848], [72.803068, 32.454641], [72.88545, 32.443045], [73.066692, 32.565888], [73.247934, 32.6122], [72.783845, 32.633033], [72.610842, 32.591363], [72.325249, 32.501011], [72.198929, 32.47551], [72.017687, 32.526504], [71.850176, 32.628404], [71.723856, 32.753305], [71.641473, 32.84802], [71.65795, 33.009496], [71.46847, 33.034844], [71.268006, 32.633033], [71.268006, 32.55199], [71.383341, 32.389683], [71.344797, 32.340009], [70.617084, 32.156383], [70.518225, 32.09354], [70.488018, 32.021333], [70.512733, 31.939741], [70.584131, 31.858076], [70.625323, 31.795028], [70.537448, 31.603286], [70.545686, 31.511952], [70.540194, 31.443979], [70.499003, 31.38065], [70.507241, 31.251514], [70.625323, 31.291448], [70.693975, 31.345449], [70.839517, 31.321974], [70.9219, 31.324322], [70.902677, 31.19981], [70.974076, 31.056301], [70.960345, 30.936152], [70.960063, 30.674358]]]}}, {"type": "Feature", "properties": {"title": "Thareli", "fill": "#CC5151", "family": "Indo-European", "cldf:languageReference": "thar1281", "fill-opacity": 0.5}, "geometry": {"type": "Polygon", "coordinates": [[[69.853862, 24.720286], [69.733034, 25.06432], [69.639667, 25.24592], [69.527078, 25.484324], [69.348582, 25.868249], [69.227754, 26.053574], [69.071227, 26.218883], [69.277184, 26.679025], [69.650651, 26.70358], [69.892307, 26.811557], [70.197123, 26.997821], [70.554114, 27.073709], [70.647481, 27.05413], [70.727117, 26.926783], [70.76007, 26.804198], [70.894628, 26.10788], [70.955042, 26.065918], [71.204936, 25.910282], [71.254366, 25.841044], [71.290065, 25.68511], [71.268096, 25.377597], [71.27349, 25.231916], [71.328411, 24.997998], [71.380587, 24.853443], [71.358618, 24.768625], [71.298205, 24.718705], [70.960436, 24.721202], [70.444172, 24.731187], [69.853862, 24.720286]]]}}, {"type": "Feature", "properties": {"title": "Tirhari", "fill": "#CC5151", "family": "Indo-European", "cldf:languageReference": "tirh1246", "fill-opacity": 0.5}, "geometry": {"type": "Polygon", "coordinates": [[[79.870722, 26.123952], [79.884452, 26.015329], [79.958596, 25.92638], [80.093155, 25.906605], [80.170045, 25.824996], [80.238697, 25.716097], [80.362271, 25.735904], [80.513306, 25.703716], [80.691801, 25.619489], [80.908742, 25.485596], [81.0433, 25.37887], [81.265733, 25.259623], [81.411276, 25.190008], [81.543088, 25.194982], [81.61174, 25.209902], [81.628217, 25.289445], [81.540342, 25.321745], [81.383815, 25.321745], [81.284956, 25.455821], [81.147652, 25.612055], [81.024078, 25.73838], [80.848328, 25.824996], [80.675325, 25.834891], [80.554497, 25.970863], [80.392478, 25.985687], [80.227713, 25.990627], [80.137092, 26.022738], [80.134346, 26.059778], [80.076678, 26.099274], [79.870722, 26.123952]]]}}, {"type": "Feature", "properties": {"title": "Upper Mahasu Pahari", "fill": "#CC5151", "family": "Indo-European", "cldf:languageReference": "uppe1403", "fill-opacity": 0.5}, "geometry": {"type": "Polygon", "coordinates": [[[77.318926, 31.121966], [77.353252, 31.270073], [77.375221, 31.334651], [77.415039, 31.369856], [77.415039, 31.394492], [77.408174, 31.423812], [77.372475, 31.450779], [77.343641, 31.528117], [77.404055, 31.53046], [77.681409, 31.690788], [77.681409, 31.636986], [77.671798, 31.606562], [77.678663, 31.574958], [77.72672, 31.524603], [77.710243, 31.482425], [77.692394, 31.462501], [77.658068, 31.4414], [77.641591, 31.342867], [77.61413, 31.248929], [77.594908, 31.219555], [77.541359, 31.184293], [77.450738, 31.146666], [77.318926, 31.121966]]]}}, {"type": "Feature", "properties": {"title": "Viccholi", "fill": "#CC5151", "family": "Indo-European", "cldf:languageReference": "vicc1238", "fill-opacity": 0.5}, "geometry": {"type": "Polygon", "coordinates": [[[70.169621, 24.308617], [70.122937, 24.273547], [69.25792, 24.288578], [69.20849, 24.263525], [69.189268, 24.060414], [68.975073, 23.85698], [68.508239, 23.565087], [68.337981, 23.58272], [68.167724, 23.696016], [67.972752, 23.829329], [67.764049, 23.932363], [67.470218, 24.060414], [67.28623, 24.568833], [67.151672, 24.688752], [66.986907, 24.783605], [66.791935, 24.855945], [66.962192, 24.98306], [67.552601, 25.015441], [67.85467, 25.000497], [68.414872, 24.920765], [69.040979, 24.855945], [69.507814, 24.783605], [69.708278, 24.746172], [69.875789, 24.723706], [69.969156, 24.578831], [70.043301, 24.541336], [70.169621, 24.308617]]]}}, {"type": "Feature", "properties": {"title": "Western Standard Bhojpuri", "fill": "#CC5151", "family": "Indo-European", "cldf:languageReference": "west2379", "fill-opacity": 0.5}, "geometry": {"type": "Polygon", "coordinates": [[[82.712745, 26.54704], [82.877511, 26.576539], [83.168596, 26.38466], [83.152119, 26.323093], [83.363568, 26.313239], [83.478903, 26.27628], [83.54481, 26.273816], [83.673876, 26.254099], [83.750766, 26.256564], [83.871594, 26.217121], [83.87434, 26.165332], [83.813926, 26.145597], [83.800196, 26.054278], [83.734289, 26.034524], [83.676622, 25.957946], [83.627192, 25.636271], [83.577763, 25.360922], [83.602477, 25.28391], [83.399267, 25.162082], [83.338853, 25.032662], [83.396521, 24.910583], [83.421236, 24.778403], [83.506364, 24.740968], [83.555794, 24.598611], [83.520095, 24.518621], [83.426728, 24.503617], [83.423982, 24.541124], [83.149373, 24.518621], [83.113674, 24.541124], [83.086213, 24.596113], [82.833573, 24.653575], [82.440883, 24.578619], [82.33104, 24.596113], [82.328293, 24.663566], [82.276118, 24.683545], [82.26788, 24.788384], [82.196481, 24.828299], [82.314957, 25.057422], [82.34791, 25.129601], [82.334179, 25.171893], [82.29848, 25.216657], [82.339672, 25.256433], [82.397339, 25.204224], [82.435785, 25.241519], [82.479722, 25.236547], [82.567597, 25.151993], [82.622518, 25.149505], [82.638995, 25.206711], [82.72687, 25.273831], [82.765315, 25.378166], [82.72687, 25.395547], [82.776299, 25.730251], [82.762569, 26.059078], [82.737854, 26.231776], [82.699409, 26.268749], [82.712745, 26.54704]]]}}, {"type": "Feature", "properties": {"title": "Western Assamese", "fill": "#CC5151", "family": "Indo-European", "cldf:languageReference": "west2383", "fill-opacity": 0.5}, "geometry": {"type": "MultiPolygon", "coordinates": [[[[91.72500699, 26.10228653], [91.68555133, 26.09680658], [91.68543341, 26.1144954], [91.69890527, 26.14480708], [91.71574509, 26.17848672], [91.73932084, 26.22900618], [91.7426888, 26.28962953], [91.7426888, 26.34014899], [91.73595287, 26.37719659], [91.72248102, 26.41087623], [91.71574509, 26.45129179], [91.71574509, 26.49170736], [91.71237713, 26.58264239], [91.70900916, 26.65336963], [91.69216934, 26.72072891], [91.67196156, 26.78472022], [91.63522339, 26.81322289], [91.66777849, 26.80227835], [91.64627849, 26.81094335], [91.63522349, 26.81322335], [91.62635849, 26.81177735], [91.61533349, 26.80999935], [91.60002949, 26.80516635], [91.58313749, 26.79983335], [91.57394449, 26.79936035], [91.54975149, 26.80316735], [91.54088549, 26.80913935], [91.53644549, 26.81438835], [91.53344749, 26.81791735], [91.53108249, 26.82255535], [91.52799949, 26.82858235], [91.52188849, 26.85047135], [91.51966849, 26.85847235], [91.51116949, 26.86838935], [91.50025149, 26.87338835], [91.49755849, 26.87333335], [91.47286249, 26.87294435], [91.45991549, 26.86872335], [91.44516749, 26.87388835], [91.43519549, 26.87338835], [91.42835949, 26.87069535], [91.41791549, 26.86080535], [91.41144549, 26.84791735], [91.40636449, 26.83777835], [91.40108449, 26.83044435], [91.38366749, 26.80624935], [91.38108049, 26.80266735], [91.35730749, 26.78552835], [91.33452649, 26.77736135], [91.32019849, 26.77769435], [91.30836449, 26.78086135], [91.30210849, 26.78249935], [91.29094649, 26.78772135], [91.28436249, 26.79352735], [91.26266449, 26.80719335], [91.21461449, 26.81330535], [91.17730749, 26.81169535], [91.14250149, 26.81022235], [91.12830349, 26.81349935], [91.08802749, 26.81586035], [91.08171849, 26.81338835], [91.06427749, 26.79847135], [91.05310849, 26.78894435], [91.05124649, 26.78844435], [91.04883549, 26.78780535], [91.04524949, 26.78686135], [90.99947349, 26.78786135], [90.99377449, 26.78797135], [90.98294049, 26.78994335], [90.96649149, 26.78952635], [90.95780149, 26.78930435], [90.94405349, 26.78894435], [90.90853149, 26.78805535], [90.83605149, 26.78494435], [90.77766449, 26.78238835], [90.74441549, 26.78208335], [90.70891549, 26.77300035], [90.69694549, 26.77169435], [90.68763749, 26.77394535], [90.67713949, 26.78097135], [90.67011249, 26.78375035], [90.65702849, 26.77808335], [90.64955949, 26.77922235], [90.63905349, 26.78402735], [90.63783249, 26.78461035], [90.62200149, 26.79697235], [90.60507949, 26.80380635], [90.58616649, 26.80594435], [90.57627849, 26.80705635], [90.55371849, 26.81391735], [90.53733049, 26.82099935], [90.51525149, 26.83752835], [90.49786349, 26.85055535], [90.49097449, 26.85572235], [90.48611449, 26.85936135], [90.44897449, 26.87861035], [90.44200149, 26.88619435], [90.41669449, 26.90352835], [90.41105649, 26.90380435], [90.39958149, 26.90336035], [90.38136249, 26.90261035], [90.37169649, 26.90091735], [90.36780549, 26.90194535], [90.35813949, 26.90024935], [90.34833549, 26.89602835], [90.34705349, 26.89500035], [90.34038549, 26.88955535], [90.32416549, 26.86708235], [90.32341749, 26.86602735], [90.31219449, 26.85852835], [90.30008649, 26.85422135], [90.29727949, 26.85425035], [90.28266949, 26.85433435], [90.28119649, 26.85458335], [90.25677449, 26.85877835], [90.25247149, 26.85952735], [90.25205249, 26.85955635], [90.23677849, 26.86083435], [90.23241449, 26.86091635], [90.22235849, 26.85666635], [90.20597049, 26.84394435], [90.19763949, 26.83538835], [90.19039149, 26.82502735], [90.18494449, 26.81472235], [90.18560749, 26.80511135], [90.18769049, 26.79738835], [90.19036149, 26.78733235], [90.19139149, 26.78347235], [90.18914049, 26.77627735], [90.18475349, 26.77280635], [90.17996949, 26.76905635], [90.17016649, 26.76527835], [90.10910749, 26.75030535], [90.07941449, 26.74519535], [90.07405849, 26.74424935], [90.06497149, 26.74141735], [90.04499849, 26.73999935], [90.00000049, 26.73680535], [89.99430849, 26.73638935], [89.94388549, 26.73022235], [89.94010949, 26.72999935], [89.91711449, 26.72858235], [89.91319249, 26.72980535], [89.90296949, 26.72966535], [89.88822149, 26.73349935], [89.87694549, 26.74200035], [89.87364149, 26.74447235], [89.86677549, 26.74724935], [89.86477649, 26.74805635], [89.85585749, 26.74680535], [89.85380549, 26.74191635], [89.85461449, 26.73527735], [89.85683449, 26.73141635], [89.86266349, 26.72130535], [89.86374649, 26.71469535], [89.86289249, 26.71075035], [89.85919149, 26.70763935], [89.85688749, 26.70777735], [89.85199749, 26.70805535], [89.83691449, 26.71372235], [89.82839249, 26.71525035], [89.80999749, 26.71455535], [89.79227449, 26.71044335], [89.78868849, 26.71017435], [89.81214949, 26.69210035], [89.81922149, 26.68095035], [89.82105249, 26.66496135], [89.81582649, 26.65370035], [89.80885349, 26.64242935], [89.80893749, 26.62482035], [89.81424749, 26.61364935], [89.81781049, 26.60248035], [89.81434649, 26.59124035], [89.81452149, 26.55121035], [89.81632249, 26.54162035], [89.82340249, 26.52886935], [89.82875049, 26.50970035], [89.83586149, 26.49054935], [89.84118649, 26.47777935], [89.84126249, 26.46176935], [89.83601349, 26.45852135], [89.82200649, 26.44558935], [89.81327049, 26.43750035], [89.80452749, 26.42782035], [89.80637349, 26.41021935], [89.81339249, 26.40868035], [89.82392849, 26.40877935], [89.83097849, 26.40403935], [89.83804349, 26.39289135], [89.83455649, 26.38644935], [89.83106949, 26.38162035], [89.82405049, 26.38155935], [89.81700149, 26.38629935], [89.80297849, 26.38137035], [89.79949949, 26.37332935], [89.79427349, 26.36368035], [89.77671849, 26.36351935], [89.76970649, 26.36026035], [89.76799749, 26.34903935], [89.78204349, 26.35075935], [89.79434249, 26.34927035], [89.80316949, 26.33814035], [89.79444149, 26.32525035], [89.77689349, 26.32509035], [89.75405849, 26.32489035], [89.73124649, 26.31988935], [89.72779049, 26.30864935], [89.73309349, 26.30389035], [89.73489349, 26.29109935], [89.72614249, 26.28462035], [89.71742249, 26.27013035], [89.70867149, 26.26365135], [89.69283249, 26.27310935], [89.68055749, 26.26820035], [89.68412749, 26.25542035], [89.68771349, 26.24103935], [89.67899349, 26.22654935], [89.67579649, 26.22183435], [89.68753027, 26.21291754], [89.68738882, 26.20627242], [89.68738882, 26.17259278], [89.69412475, 26.13217721], [89.70422864, 26.09176165], [89.73117235, 26.05808201], [89.7446442, 26.0311383], [89.77158792, 26.00756255], [89.80189959, 26.00082662], [89.83557923, 26.00082662], [89.86252294, 26.01093051], [89.88946665, 26.03450626], [89.93325018, 26.09176165], [89.96692982, 26.13217721], [90.00734539, 26.17596074], [90.04439299, 26.19953649], [90.09828042, 26.21637631], [90.16900766, 26.21974428], [90.26667861, 26.22984817], [90.33403789, 26.23321613], [90.38792531, 26.23321613], [90.43507681, 26.23995206], [90.48559627, 26.26015984], [90.5664274, 26.26015984], [90.62031482, 26.26015984], [90.6506265, 26.24668799], [90.67757021, 26.2264802], [90.74156152, 26.20627242], [90.82912859, 26.1894326], [90.91332768, 26.14228111], [90.94363936, 26.11533739], [90.98068696, 26.0681859], [91.00089475, 26.0311383], [91.01099864, 25.99409069], [91.02783846, 25.97388291], [91.04131031, 25.96041105], [91.07162199, 25.94020327], [91.12214145, 25.90652363], [91.17939683, 25.89305177], [91.22991629, 25.87957992], [91.30064354, 25.87284399], [91.32758725, 25.87284399], [91.36126689, 25.87957992], [91.38484263, 25.90989159], [91.38484263, 25.93009938], [91.38484263, 25.95704309], [91.39157856, 25.97388291], [91.41515431, 25.99072273], [91.48588155, 26.00082662], [91.56334472, 25.99787965], [91.61049622, 26.01135151], [91.63407196, 26.03155929], [91.62060011, 26.04166318], [91.57681658, 26.04839911], [91.55997676, 26.05513504], [91.55997676, 26.07197486], [91.60376029, 26.08544671], [91.72500699, 26.10228653]]]]}}], "properties": {"title": "Speaker areas for dialects", "description": "Speaker areas aggregated for Glottolog dialect-level languoids, color-coded by family."}}